This is pdfTeX, Version 3.141592653-2.6-1.40.27 (MiKTeX 25.4) (preloaded format=pdflatex 2025.9.19)  6 DEC 2025 19:34
entering extended mode
 restricted \write18 enabled.
 %&-line parsing enabled.
**./report.tex
(report.tex
LaTeX2e <2025-06-01> patch level 1
L3 programming layer <2025-08-13>
(C:\Program Files\MiKTeX\tex/latex/base\report.cls
Document Class: report 2025/01/22 v1.4n Standard LaTeX document class
(C:\Program Files\MiKTeX\tex/latex/base\size12.clo
File: size12.clo 2025/01/22 v1.4n Standard LaTeX file (size option)
)
\c@part=\count275
\c@chapter=\count276
\c@section=\count277
\c@subsection=\count278
\c@subsubsection=\count279
\c@paragraph=\count280
\c@subparagraph=\count281
\c@figure=\count282
\c@table=\count283
\abovecaptionskip=\skip49
\belowcaptionskip=\skip50
\bibindent=\dimen148
) (hcmut-report.sty
Package: hcmut-report 

(C:\Program Files\MiKTeX\tex/latex/vntex\vntex.sty
Package: vntex 2009/07/12 v1.1 support for Vietnamese

(C:\Program Files\MiKTeX\tex/latex/base\ifthen.sty
Package: ifthen 2024/03/16 v1.1e Standard LaTeX ifthen package (DPC)
)
(C:\Program Files\MiKTeX\tex/latex/base\fontenc.sty
Package: fontenc 2024/12/21 v2.1c Standard LaTeX package

(C:\Program Files\MiKTeX\tex/latex/vntex\t5enc.def
File: t5enc.def 2006/11/21 v1.4 Vietnamese T5 encoding
Now handling font encoding T5 ...
... processing UTF-8 mapping file for font encoding T5

(C:\Program Files\MiKTeX\tex/latex/vntex\t5enc.dfu
File: t5enc.dfu 2006/08/19 v1.1 UTF8 support for Vietnamese
   defining Unicode char U+00AB (decimal 171)
   defining Unicode char U+00BB (decimal 187)
   defining Unicode char U+00C0 (decimal 192)
   defining Unicode char U+00C1 (decimal 193)
   defining Unicode char U+00C2 (decimal 194)
   defining Unicode char U+00C3 (decimal 195)
   defining Unicode char U+00C8 (decimal 200)
   defining Unicode char U+00C9 (decimal 201)
   defining Unicode char U+00CA (decimal 202)
   defining Unicode char U+00CC (decimal 204)
   defining Unicode char U+00CD (decimal 205)
   defining Unicode char U+00D2 (decimal 210)
   defining Unicode char U+00D3 (decimal 211)
   defining Unicode char U+00D4 (decimal 212)
   defining Unicode char U+00D5 (decimal 213)
   defining Unicode char U+00D9 (decimal 217)
   defining Unicode char U+00DA (decimal 218)
   defining Unicode char U+00DD (decimal 221)
   defining Unicode char U+00E0 (decimal 224)
   defining Unicode char U+00E1 (decimal 225)
   defining Unicode char U+00E2 (decimal 226)
   defining Unicode char U+00E3 (decimal 227)
   defining Unicode char U+00E8 (decimal 232)
   defining Unicode char U+00E9 (decimal 233)
   defining Unicode char U+00EA (decimal 234)
   defining Unicode char U+00EC (decimal 236)
   defining Unicode char U+00ED (decimal 237)
   defining Unicode char U+00F2 (decimal 242)
   defining Unicode char U+00F3 (decimal 243)
   defining Unicode char U+00F4 (decimal 244)
   defining Unicode char U+00F5 (decimal 245)
   defining Unicode char U+00F9 (decimal 249)
   defining Unicode char U+00FA (decimal 250)
   defining Unicode char U+00FD (decimal 253)
   defining Unicode char U+0102 (decimal 258)
   defining Unicode char U+0103 (decimal 259)
   defining Unicode char U+0110 (decimal 272)
   defining Unicode char U+0111 (decimal 273)
   defining Unicode char U+0128 (decimal 296)
   defining Unicode char U+0129 (decimal 297)
   defining Unicode char U+0131 (decimal 305)
   defining Unicode char U+0168 (decimal 360)
   defining Unicode char U+0169 (decimal 361)
   defining Unicode char U+01A0 (decimal 416)
   defining Unicode char U+01A1 (decimal 417)
   defining Unicode char U+01AF (decimal 431)
   defining Unicode char U+01B0 (decimal 432)
   defining Unicode char U+1EA0 (decimal 7840)
   defining Unicode char U+1EA1 (decimal 7841)
   defining Unicode char U+1EA2 (decimal 7842)
   defining Unicode char U+1EA3 (decimal 7843)
   defining Unicode char U+1EA4 (decimal 7844)
   defining Unicode char U+1EA5 (decimal 7845)
   defining Unicode char U+1EA6 (decimal 7846)
   defining Unicode char U+1EA7 (decimal 7847)
   defining Unicode char U+1EA8 (decimal 7848)
   defining Unicode char U+1EA9 (decimal 7849)
   defining Unicode char U+1EAA (decimal 7850)
   defining Unicode char U+1EAB (decimal 7851)
   defining Unicode char U+1EAC (decimal 7852)
   defining Unicode char U+1EAD (decimal 7853)
   defining Unicode char U+1EAE (decimal 7854)
   defining Unicode char U+1EAF (decimal 7855)
   defining Unicode char U+1EB0 (decimal 7856)
   defining Unicode char U+1EB1 (decimal 7857)
   defining Unicode char U+1EB2 (decimal 7858)
   defining Unicode char U+1EB3 (decimal 7859)
   defining Unicode char U+1EB4 (decimal 7860)
   defining Unicode char U+1EB5 (decimal 7861)
   defining Unicode char U+1EB6 (decimal 7862)
   defining Unicode char U+1EB7 (decimal 7863)
   defining Unicode char U+1EB8 (decimal 7864)
   defining Unicode char U+1EB9 (decimal 7865)
   defining Unicode char U+1EBA (decimal 7866)
   defining Unicode char U+1EBB (decimal 7867)
   defining Unicode char U+1EBC (decimal 7868)
   defining Unicode char U+1EBD (decimal 7869)
   defining Unicode char U+1EBE (decimal 7870)
   defining Unicode char U+1EBF (decimal 7871)
   defining Unicode char U+1EC0 (decimal 7872)
   defining Unicode char U+1EC1 (decimal 7873)
   defining Unicode char U+1EC2 (decimal 7874)
   defining Unicode char U+1EC3 (decimal 7875)
   defining Unicode char U+1EC4 (decimal 7876)
   defining Unicode char U+1EC5 (decimal 7877)
   defining Unicode char U+1EC6 (decimal 7878)
   defining Unicode char U+1EC7 (decimal 7879)
   defining Unicode char U+1EC8 (decimal 7880)
   defining Unicode char U+1EC9 (decimal 7881)
   defining Unicode char U+1ECA (decimal 7882)
   defining Unicode char U+1ECB (decimal 7883)
   defining Unicode char U+1ECC (decimal 7884)
   defining Unicode char U+1ECD (decimal 7885)
   defining Unicode char U+1ECE (decimal 7886)
   defining Unicode char U+1ECF (decimal 7887)
   defining Unicode char U+1ED0 (decimal 7888)
   defining Unicode char U+1ED1 (decimal 7889)
   defining Unicode char U+1ED2 (decimal 7890)
   defining Unicode char U+1ED3 (decimal 7891)
   defining Unicode char U+1ED4 (decimal 7892)
   defining Unicode char U+1ED5 (decimal 7893)
   defining Unicode char U+1ED6 (decimal 7894)
   defining Unicode char U+1ED7 (decimal 7895)
   defining Unicode char U+1ED8 (decimal 7896)
   defining Unicode char U+1ED9 (decimal 7897)
   defining Unicode char U+1EDA (decimal 7898)
   defining Unicode char U+1EDB (decimal 7899)
   defining Unicode char U+1EDC (decimal 7900)
   defining Unicode char U+1EDD (decimal 7901)
   defining Unicode char U+1EDE (decimal 7902)
   defining Unicode char U+1EDF (decimal 7903)
   defining Unicode char U+1EE0 (decimal 7904)
   defining Unicode char U+1EE1 (decimal 7905)
   defining Unicode char U+1EE2 (decimal 7906)
   defining Unicode char U+1EE3 (decimal 7907)
   defining Unicode char U+1EE4 (decimal 7908)
   defining Unicode char U+1EE5 (decimal 7909)
   defining Unicode char U+1EE6 (decimal 7910)
   defining Unicode char U+1EE7 (decimal 7911)
   defining Unicode char U+1EE8 (decimal 7912)
   defining Unicode char U+1EE9 (decimal 7913)
   defining Unicode char U+1EEA (decimal 7914)
   defining Unicode char U+1EEB (decimal 7915)
   defining Unicode char U+1EEC (decimal 7916)
   defining Unicode char U+1EED (decimal 7917)
   defining Unicode char U+1EEE (decimal 7918)
   defining Unicode char U+1EEF (decimal 7919)
   defining Unicode char U+1EF0 (decimal 7920)
   defining Unicode char U+1EF1 (decimal 7921)
   defining Unicode char U+1EF2 (decimal 7922)
   defining Unicode char U+1EF3 (decimal 7923)
   defining Unicode char U+1EF4 (decimal 7924)
   defining Unicode char U+1EF5 (decimal 7925)
   defining Unicode char U+1EF6 (decimal 7926)
   defining Unicode char U+1EF7 (decimal 7927)
   defining Unicode char U+1EF8 (decimal 7928)
   defining Unicode char U+1EF9 (decimal 7929)
   defining Unicode char U+200C (decimal 8204)
   defining Unicode char U+2013 (decimal 8211)
   defining Unicode char U+2014 (decimal 8212)
   defining Unicode char U+2018 (decimal 8216)
   defining Unicode char U+2019 (decimal 8217)
   defining Unicode char U+201A (decimal 8218)
   defining Unicode char U+201C (decimal 8220)
   defining Unicode char U+201D (decimal 8221)
   defining Unicode char U+201E (decimal 8222)
   defining Unicode char U+2030 (decimal 8240)
   defining Unicode char U+2031 (decimal 8241)
   defining Unicode char U+2039 (decimal 8249)
   defining Unicode char U+203A (decimal 8250)
   defining Unicode char U+2423 (decimal 9251)
))
LaTeX Font Info:    Trying to load font information for T5+cmr on input line 11
6.

(C:\Program Files\MiKTeX\tex/latex/vntex\t5cmr.fd
File: t5cmr.fd 1999/05/25 v2.5h Standard LaTeX font definitions
))
(C:\Program Files\MiKTeX\tex/latex/base\inputenc.sty
Package: inputenc 2024/02/08 v1.3d Input encoding file
\inpenc@prehook=\toks17
\inpenc@posthook=\toks18
)
(C:\Program Files\MiKTeX\tex/latex/vntex\vncaps.tex
File: vncaps.tex 2006/06/07 v1.1 Captions in Vietnamese
))
(C:\Program Files\MiKTeX\tex/latex/geometry\geometry.sty
Package: geometry 2020/01/02 v5.9 Page Geometry

(C:\Program Files\MiKTeX\tex/latex/graphics\keyval.sty
Package: keyval 2022/05/29 v1.15 key=value parser (DPC)
\KV@toks@=\toks19
)
(C:\Program Files\MiKTeX\tex/generic/iftex\ifvtex.sty
Package: ifvtex 2019/10/25 v1.7 ifvtex legacy package. Use iftex instead.

(C:\Program Files\MiKTeX\tex/generic/iftex\iftex.sty
Package: iftex 2024/12/12 v1.0g TeX engine tests
))
\Gm@cnth=\count284
\Gm@cntv=\count285
\c@Gm@tempcnt=\count286
\Gm@bindingoffset=\dimen149
\Gm@wd@mp=\dimen150
\Gm@odd@mp=\dimen151
\Gm@even@mp=\dimen152
\Gm@layoutwidth=\dimen153
\Gm@layoutheight=\dimen154
\Gm@layouthoffset=\dimen155
\Gm@layoutvoffset=\dimen156
\Gm@dimlist=\toks20

(C:\Program Files\MiKTeX\tex/latex/geometry\geometry.cfg))
(C:\Program Files\MiKTeX\tex/latex/graphics\graphicx.sty
Package: graphicx 2024/12/31 v1.2e Enhanced LaTeX Graphics (DPC,SPQR)

(C:\Program Files\MiKTeX\tex/latex/graphics\graphics.sty
Package: graphics 2024/08/06 v1.4g Standard LaTeX Graphics (DPC,SPQR)

(C:\Program Files\MiKTeX\tex/latex/graphics\trig.sty
Package: trig 2023/12/02 v1.11 sin cos tan (DPC)
)
(C:\Program Files\MiKTeX\tex/latex/graphics-cfg\graphics.cfg
File: graphics.cfg 2016/06/04 v1.11 sample graphics configuration
)
Package graphics Info: Driver file: pdftex.def on input line 106.

(C:\Program Files\MiKTeX\tex/latex/graphics-def\pdftex.def
File: pdftex.def 2024/04/13 v1.2c Graphics/color driver for pdftex
))
\Gin@req@height=\dimen157
\Gin@req@width=\dimen158
)
(C:\Program Files\MiKTeX\tex/latex/tools\indentfirst.sty
Package: indentfirst 2023/07/02 v1.03 Indent first paragraph (DPC)
)
(C:\Program Files\MiKTeX\tex/latex/setspace\setspace.sty
Package: setspace 2022/12/04 v6.7b set line spacing
)
(C:\Program Files\MiKTeX\tex/latex/anyfontsize\anyfontsize.sty
Package: anyfontsize 2007/11/22 anyfontsize.sty by pts
)
(C:\Program Files\MiKTeX\tex/latex/booktabs\booktabs.sty
Package: booktabs 2020/01/12 v1.61803398 Publication quality tables
\heavyrulewidth=\dimen159
\lightrulewidth=\dimen160
\cmidrulewidth=\dimen161
\belowrulesep=\dimen162
\belowbottomsep=\dimen163
\aboverulesep=\dimen164
\abovetopsep=\dimen165
\cmidrulesep=\dimen166
\cmidrulekern=\dimen167
\defaultaddspace=\dimen168
\@cmidla=\count287
\@cmidlb=\count288
\@aboverulesep=\dimen169
\@belowrulesep=\dimen170
\@thisruleclass=\count289
\@lastruleclass=\count290
\@thisrulewidth=\dimen171
)
(C:\Program Files\MiKTeX\tex/latex/fancyhdr\fancyhdr.sty
Package: fancyhdr 2025/02/07 v5.2 Extensive control of page headers and footers

\f@nch@headwidth=\skip51
\f@nch@offset@elh=\skip52
\f@nch@offset@erh=\skip53
\f@nch@offset@olh=\skip54
\f@nch@offset@orh=\skip55
\f@nch@offset@elf=\skip56
\f@nch@offset@erf=\skip57
\f@nch@offset@olf=\skip58
\f@nch@offset@orf=\skip59
\f@nch@height=\skip60
\f@nch@footalignment=\skip61
\f@nch@widthL=\skip62
\f@nch@widthC=\skip63
\f@nch@widthR=\skip64
\@temptokenb=\toks21
)
(C:\Program Files\MiKTeX\tex/latex/lastpage\lastpage.sty
Package: lastpage 2025/08/14 v2.1h lastpage: 2.09 or 2e? (HMM)

(C:\Program Files\MiKTeX\tex/latex/lastpage\lastpage2e.sty
Package: lastpage2e 2025/08/14 v2.1h Decide which 2e lastpage version to use (H
MM)

(C:\Program Files\MiKTeX\tex/latex/lastpage\lastpagemodern.sty
Package: lastpagemodern 2025-08-14 v2.1h Refers to last page's name (HMM; JPG)
\c@lastpagecount=\count291
) 
)) (C:\Program Files\MiKTeX\tex/latex/hyperref\hyperref.sty
Package: hyperref 2025-07-12 v7.01o Hypertext links for LaTeX

(C:\Program Files\MiKTeX\tex/latex/kvsetkeys\kvsetkeys.sty
Package: kvsetkeys 2022-10-05 v1.19 Key value parser (HO)
)
(C:\Program Files\MiKTeX\tex/generic/kvdefinekeys\kvdefinekeys.sty
Package: kvdefinekeys 2019-12-19 v1.6 Define keys (HO)
)
(C:\Program Files\MiKTeX\tex/generic/pdfescape\pdfescape.sty
Package: pdfescape 2019/12/09 v1.15 Implements pdfTeX's escape features (HO)

(C:\Program Files\MiKTeX\tex/generic/ltxcmds\ltxcmds.sty
Package: ltxcmds 2023-12-04 v1.26 LaTeX kernel commands for general use (HO)
)
(C:\Program Files\MiKTeX\tex/generic/pdftexcmds\pdftexcmds.sty
Package: pdftexcmds 2020-06-27 v0.33 Utility functions of pdfTeX for LuaTeX (HO
)

(C:\Program Files\MiKTeX\tex/generic/infwarerr\infwarerr.sty
Package: infwarerr 2019/12/03 v1.5 Providing info/warning/error messages (HO)
)
Package pdftexcmds Info: \pdf@primitive is available.
Package pdftexcmds Info: \pdf@ifprimitive is available.
Package pdftexcmds Info: \pdfdraftmode found.
))
(C:\Program Files\MiKTeX\tex/latex/hycolor\hycolor.sty
Package: hycolor 2020-01-27 v1.10 Color options for hyperref/bookmark (HO)
)
(C:\Program Files\MiKTeX\tex/latex/hyperref\nameref.sty
Package: nameref 2025-06-21 v2.57 Cross-referencing by name of section

(C:\Program Files\MiKTeX\tex/latex/refcount\refcount.sty
Package: refcount 2019/12/15 v3.6 Data extraction from label references (HO)
)
(C:\Program Files\MiKTeX\tex/generic/gettitlestring\gettitlestring.sty
Package: gettitlestring 2019/12/15 v1.6 Cleanup title references (HO)

(C:\Program Files\MiKTeX\tex/latex/kvoptions\kvoptions.sty
Package: kvoptions 2022-06-15 v3.15 Key value format for package options (HO)
))
\c@section@level=\count292
)
(C:\Program Files\MiKTeX\tex/latex/etoolbox\etoolbox.sty
Package: etoolbox 2025/02/11 v2.5l e-TeX tools for LaTeX (JAW)
\etb@tempcnta=\count293
)
(C:\Program Files\MiKTeX\tex/generic/stringenc\stringenc.sty
Package: stringenc 2019/11/29 v1.12 Convert strings between diff. encodings (HO
)
)
\@linkdim=\dimen172
\Hy@linkcounter=\count294
\Hy@pagecounter=\count295

(C:\Program Files\MiKTeX\tex/latex/hyperref\pd1enc.def
File: pd1enc.def 2025-07-12 v7.01o Hyperref: PDFDocEncoding definition (HO)
Now handling font encoding PD1 ...
... no UTF-8 mapping file for font encoding PD1
)
(C:\Program Files\MiKTeX\tex/generic/intcalc\intcalc.sty
Package: intcalc 2019/12/15 v1.3 Expandable calculations with integers (HO)
)
\Hy@SavedSpaceFactor=\count296

(C:\Program Files\MiKTeX\tex/latex/hyperref\puenc.def
File: puenc.def 2025-07-12 v7.01o Hyperref: PDF Unicode definition (HO)
Now handling font encoding PU ...
... no UTF-8 mapping file for font encoding PU
)
Package hyperref Info: Hyper figures OFF on input line 4195.
Package hyperref Info: Link nesting OFF on input line 4200.
Package hyperref Info: Hyper index ON on input line 4203.
Package hyperref Info: Plain pages OFF on input line 4210.
Package hyperref Info: Backreferencing OFF on input line 4215.
Package hyperref Info: Implicit mode ON; LaTeX internals redefined.
Package hyperref Info: Bookmarks ON on input line 4462.
\c@Hy@tempcnt=\count297

(C:\Program Files\MiKTeX\tex/latex/url\url.sty
\Urlmuskip=\muskip17
Package: url 2013/09/16  ver 3.4  Verb mode for urls, etc.
)
LaTeX Info: Redefining \url on input line 4801.
\XeTeXLinkMargin=\dimen173

(C:\Program Files\MiKTeX\tex/generic/bitset\bitset.sty
Package: bitset 2019/12/09 v1.3 Handle bit-vector datatype (HO)

(C:\Program Files\MiKTeX\tex/generic/bigintcalc\bigintcalc.sty
Package: bigintcalc 2019/12/15 v1.5 Expandable calculations on big integers (HO
)
))
\Fld@menulength=\count298
\Field@Width=\dimen174
\Fld@charsize=\dimen175
Package hyperref Info: Hyper figures OFF on input line 6078.
Package hyperref Info: Link nesting OFF on input line 6083.
Package hyperref Info: Hyper index ON on input line 6086.
Package hyperref Info: backreferencing OFF on input line 6093.
Package hyperref Info: Link coloring OFF on input line 6098.
Package hyperref Info: Link coloring with OCG OFF on input line 6103.
Package hyperref Info: PDF/A mode OFF on input line 6108.
\Hy@abspage=\count299
\c@Item=\count300
\c@Hfootnote=\count301
)
Package hyperref Info: Driver (autodetected): hpdftex.

(C:\Program Files\MiKTeX\tex/latex/hyperref\hpdftex.def
File: hpdftex.def 2025-07-12 v7.01o Hyperref driver for pdfTeX
\Fld@listcount=\count302
\c@bookmark@seq@number=\count303

(C:\Program Files\MiKTeX\tex/latex/rerunfilecheck\rerunfilecheck.sty
Package: rerunfilecheck 2025-06-21 v1.11 Rerun checks for auxiliary files (HO)

(C:\Program Files\MiKTeX\tex/generic/uniquecounter\uniquecounter.sty
Package: uniquecounter 2019/12/15 v1.4 Provide unlimited unique counter (HO)
)
Package uniquecounter Info: New unique counter `rerunfilecheck' on input line 2
84.
)
\Hy@SectionHShift=\skip65
)
(C:\Program Files\MiKTeX\tex/latex/pgf/frontendlayer\tikz.sty
(C:\Program Files\MiKTeX\tex/latex/pgf/basiclayer\pgf.sty
(C:\Program Files\MiKTeX\tex/latex/pgf/utilities\pgfrcs.sty
(C:\Program Files\MiKTeX\tex/generic/pgf/utilities\pgfutil-common.tex
\pgfutil@everybye=\toks22
\pgfutil@tempdima=\dimen176
\pgfutil@tempdimb=\dimen177
)
(C:\Program Files\MiKTeX\tex/generic/pgf/utilities\pgfutil-latex.def
\pgfutil@abb=\box53
)
(C:\Program Files\MiKTeX\tex/generic/pgf/utilities\pgfrcs.code.tex
(C:\Program Files\MiKTeX\tex/generic/pgf\pgf.revision.tex)
Package: pgfrcs 2025-08-29 v3.1.11a (3.1.11a)
))
Package: pgf 2025-08-29 v3.1.11a (3.1.11a)

(C:\Program Files\MiKTeX\tex/latex/pgf/basiclayer\pgfcore.sty
(C:\Program Files\MiKTeX\tex/latex/pgf/systemlayer\pgfsys.sty
(C:\Program Files\MiKTeX\tex/generic/pgf/systemlayer\pgfsys.code.tex
Package: pgfsys 2025-08-29 v3.1.11a (3.1.11a)

(C:\Program Files\MiKTeX\tex/generic/pgf/utilities\pgfkeys.code.tex
\pgfkeys@pathtoks=\toks23
\pgfkeys@temptoks=\toks24

(C:\Program Files\MiKTeX\tex/generic/pgf/utilities\pgfkeyslibraryfiltered.code.
tex
\pgfkeys@tmptoks=\toks25
))
\pgf@x=\dimen178
\pgf@y=\dimen179
\pgf@xa=\dimen180
\pgf@ya=\dimen181
\pgf@xb=\dimen182
\pgf@yb=\dimen183
\pgf@xc=\dimen184
\pgf@yc=\dimen185
\pgf@xd=\dimen186
\pgf@yd=\dimen187
\w@pgf@writea=\write3
\r@pgf@reada=\read2
\c@pgf@counta=\count304
\c@pgf@countb=\count305
\c@pgf@countc=\count306
\c@pgf@countd=\count307
\t@pgf@toka=\toks26
\t@pgf@tokb=\toks27
\t@pgf@tokc=\toks28
\pgf@sys@id@count=\count308
 (C:\Program Files\MiKTeX\tex/generic/pgf/systemlayer\pgf.cfg
File: pgf.cfg 2025-08-29 v3.1.11a (3.1.11a)
)
Driver file for pgf: pgfsys-pdftex.def

(C:\Program Files\MiKTeX\tex/generic/pgf/systemlayer\pgfsys-pdftex.def
File: pgfsys-pdftex.def 2025-08-29 v3.1.11a (3.1.11a)

(C:\Program Files\MiKTeX\tex/generic/pgf/systemlayer\pgfsys-common-pdf.def
File: pgfsys-common-pdf.def 2025-08-29 v3.1.11a (3.1.11a)
)))
(C:\Program Files\MiKTeX\tex/generic/pgf/systemlayer\pgfsyssoftpath.code.tex
File: pgfsyssoftpath.code.tex 2025-08-29 v3.1.11a (3.1.11a)
\pgfsyssoftpath@smallbuffer@items=\count309
\pgfsyssoftpath@bigbuffer@items=\count310
)
(C:\Program Files\MiKTeX\tex/generic/pgf/systemlayer\pgfsysprotocol.code.tex
File: pgfsysprotocol.code.tex 2025-08-29 v3.1.11a (3.1.11a)
))
(C:\Program Files\MiKTeX\tex/latex/xcolor\xcolor.sty
Package: xcolor 2024/09/29 v3.02 LaTeX color extensions (UK)

(C:\Program Files\MiKTeX\tex/latex/graphics-cfg\color.cfg
File: color.cfg 2016/01/02 v1.6 sample color configuration
)
Package xcolor Info: Driver file: pdftex.def on input line 274.

(C:\Program Files\MiKTeX\tex/latex/graphics\mathcolor.ltx)
Package xcolor Info: Model `cmy' substituted by `cmy0' on input line 1349.
Package xcolor Info: Model `hsb' substituted by `rgb' on input line 1353.
Package xcolor Info: Model `RGB' extended on input line 1365.
Package xcolor Info: Model `HTML' substituted by `rgb' on input line 1367.
Package xcolor Info: Model `Hsb' substituted by `hsb' on input line 1368.
Package xcolor Info: Model `tHsb' substituted by `hsb' on input line 1369.
Package xcolor Info: Model `HSB' substituted by `hsb' on input line 1370.
Package xcolor Info: Model `Gray' substituted by `gray' on input line 1371.
Package xcolor Info: Model `wave' substituted by `hsb' on input line 1372.
)
(C:\Program Files\MiKTeX\tex/generic/pgf/basiclayer\pgfcore.code.tex
Package: pgfcore 2025-08-29 v3.1.11a (3.1.11a)

(C:\Program Files\MiKTeX\tex/generic/pgf/math\pgfmath.code.tex
(C:\Program Files\MiKTeX\tex/generic/pgf/math\pgfmathutil.code.tex)
(C:\Program Files\MiKTeX\tex/generic/pgf/math\pgfmathparser.code.tex
\pgfmath@dimen=\dimen188
\pgfmath@count=\count311
\pgfmath@box=\box54
\pgfmath@toks=\toks29
\pgfmath@stack@operand=\toks30
\pgfmath@stack@operation=\toks31
)
(C:\Program Files\MiKTeX\tex/generic/pgf/math\pgfmathfunctions.code.tex)
(C:\Program Files\MiKTeX\tex/generic/pgf/math\pgfmathfunctions.basic.code.tex)
(C:\Program Files\MiKTeX\tex/generic/pgf/math\pgfmathfunctions.trigonometric.co
de.tex)
(C:\Program Files\MiKTeX\tex/generic/pgf/math\pgfmathfunctions.random.code.tex)

(C:\Program Files\MiKTeX\tex/generic/pgf/math\pgfmathfunctions.comparison.code.
tex)
(C:\Program Files\MiKTeX\tex/generic/pgf/math\pgfmathfunctions.base.code.tex)
(C:\Program Files\MiKTeX\tex/generic/pgf/math\pgfmathfunctions.round.code.tex)
(C:\Program Files\MiKTeX\tex/generic/pgf/math\pgfmathfunctions.misc.code.tex)
(C:\Program Files\MiKTeX\tex/generic/pgf/math\pgfmathfunctions.integerarithmeti
cs.code.tex) (C:\Program Files\MiKTeX\tex/generic/pgf/math\pgfmathcalc.code.tex
) (C:\Program Files\MiKTeX\tex/generic/pgf/math\pgfmathfloat.code.tex
\c@pgfmathroundto@lastzeros=\count312
))
(C:\Program Files\MiKTeX\tex/generic/pgf/math\pgfint.code.tex)
(C:\Program Files\MiKTeX\tex/generic/pgf/basiclayer\pgfcorepoints.code.tex
File: pgfcorepoints.code.tex 2025-08-29 v3.1.11a (3.1.11a)
\pgf@picminx=\dimen189
\pgf@picmaxx=\dimen190
\pgf@picminy=\dimen191
\pgf@picmaxy=\dimen192
\pgf@pathminx=\dimen193
\pgf@pathmaxx=\dimen194
\pgf@pathminy=\dimen195
\pgf@pathmaxy=\dimen196
\pgf@xx=\dimen197
\pgf@xy=\dimen198
\pgf@yx=\dimen199
\pgf@yy=\dimen256
\pgf@zx=\dimen257
\pgf@zy=\dimen258
)
(C:\Program Files\MiKTeX\tex/generic/pgf/basiclayer\pgfcorepathconstruct.code.t
ex
File: pgfcorepathconstruct.code.tex 2025-08-29 v3.1.11a (3.1.11a)
\pgf@path@lastx=\dimen259
\pgf@path@lasty=\dimen260
)
(C:\Program Files\MiKTeX\tex/generic/pgf/basiclayer\pgfcorepathusage.code.tex
File: pgfcorepathusage.code.tex 2025-08-29 v3.1.11a (3.1.11a)
\pgf@shorten@end@additional=\dimen261
\pgf@shorten@start@additional=\dimen262
)
(C:\Program Files\MiKTeX\tex/generic/pgf/basiclayer\pgfcorescopes.code.tex
File: pgfcorescopes.code.tex 2025-08-29 v3.1.11a (3.1.11a)
\pgfpic=\box55
\pgf@hbox=\box56
\pgf@layerbox@main=\box57
\pgf@picture@serial@count=\count313
)
(C:\Program Files\MiKTeX\tex/generic/pgf/basiclayer\pgfcoregraphicstate.code.te
x
File: pgfcoregraphicstate.code.tex 2025-08-29 v3.1.11a (3.1.11a)
\pgflinewidth=\dimen263
)
(C:\Program Files\MiKTeX\tex/generic/pgf/basiclayer\pgfcoretransformations.code
.tex
File: pgfcoretransformations.code.tex 2025-08-29 v3.1.11a (3.1.11a)
\pgf@pt@x=\dimen264
\pgf@pt@y=\dimen265
\pgf@pt@temp=\dimen266
) (C:\Program Files\MiKTeX\tex/generic/pgf/basiclayer\pgfcorequick.code.tex
File: pgfcorequick.code.tex 2025-08-29 v3.1.11a (3.1.11a)
) (C:\Program Files\MiKTeX\tex/generic/pgf/basiclayer\pgfcoreobjects.code.tex
File: pgfcoreobjects.code.tex 2025-08-29 v3.1.11a (3.1.11a)
)
(C:\Program Files\MiKTeX\tex/generic/pgf/basiclayer\pgfcorepathprocessing.code.
tex
File: pgfcorepathprocessing.code.tex 2025-08-29 v3.1.11a (3.1.11a)
) (C:\Program Files\MiKTeX\tex/generic/pgf/basiclayer\pgfcorearrows.code.tex
File: pgfcorearrows.code.tex 2025-08-29 v3.1.11a (3.1.11a)
\pgfarrowsep=\dimen267
) (C:\Program Files\MiKTeX\tex/generic/pgf/basiclayer\pgfcoreshade.code.tex
File: pgfcoreshade.code.tex 2025-08-29 v3.1.11a (3.1.11a)
\pgf@max=\dimen268
\pgf@sys@shading@range@num=\count314
\pgf@shadingcount=\count315
)
(C:\Program Files\MiKTeX\tex/generic/pgf/basiclayer\pgfcoreimage.code.tex
File: pgfcoreimage.code.tex 2025-08-29 v3.1.11a (3.1.11a)
)
(C:\Program Files\MiKTeX\tex/generic/pgf/basiclayer\pgfcoreexternal.code.tex
File: pgfcoreexternal.code.tex 2025-08-29 v3.1.11a (3.1.11a)
\pgfexternal@startupbox=\box58
)
(C:\Program Files\MiKTeX\tex/generic/pgf/basiclayer\pgfcorelayers.code.tex
File: pgfcorelayers.code.tex 2025-08-29 v3.1.11a (3.1.11a)
)
(C:\Program Files\MiKTeX\tex/generic/pgf/basiclayer\pgfcoretransparency.code.te
x
File: pgfcoretransparency.code.tex 2025-08-29 v3.1.11a (3.1.11a)
) (C:\Program Files\MiKTeX\tex/generic/pgf/basiclayer\pgfcorepatterns.code.tex
File: pgfcorepatterns.code.tex 2025-08-29 v3.1.11a (3.1.11a)
) (C:\Program Files\MiKTeX\tex/generic/pgf/basiclayer\pgfcorerdf.code.tex
File: pgfcorerdf.code.tex 2025-08-29 v3.1.11a (3.1.11a)
)))
(C:\Program Files\MiKTeX\tex/generic/pgf/modules\pgfmoduleshapes.code.tex
File: pgfmoduleshapes.code.tex 2025-08-29 v3.1.11a (3.1.11a)
\pgfnodeparttextbox=\box59
)
(C:\Program Files\MiKTeX\tex/generic/pgf/modules\pgfmoduleplot.code.tex
File: pgfmoduleplot.code.tex 2025-08-29 v3.1.11a (3.1.11a)
)
(C:\Program Files\MiKTeX\tex/latex/pgf/compatibility\pgfcomp-version-0-65.sty
Package: pgfcomp-version-0-65 2025-08-29 v3.1.11a (3.1.11a)
\pgf@nodesepstart=\dimen269
\pgf@nodesepend=\dimen270
)
(C:\Program Files\MiKTeX\tex/latex/pgf/compatibility\pgfcomp-version-1-18.sty
Package: pgfcomp-version-1-18 2025-08-29 v3.1.11a (3.1.11a)
)) (C:\Program Files\MiKTeX\tex/latex/pgf/utilities\pgffor.sty
(C:\Program Files\MiKTeX\tex/latex/pgf/utilities\pgfkeys.sty
(C:\Program Files\MiKTeX\tex/generic/pgf/utilities\pgfkeys.code.tex))
(C:\Program Files\MiKTeX\tex/latex/pgf/math\pgfmath.sty
(C:\Program Files\MiKTeX\tex/generic/pgf/math\pgfmath.code.tex))
(C:\Program Files\MiKTeX\tex/generic/pgf/utilities\pgffor.code.tex
Package: pgffor 2025-08-29 v3.1.11a (3.1.11a)
\pgffor@iter=\dimen271
\pgffor@skip=\dimen272
\pgffor@stack=\toks32
\pgffor@toks=\toks33
))
(C:\Program Files\MiKTeX\tex/generic/pgf/frontendlayer/tikz\tikz.code.tex
Package: tikz 2025-08-29 v3.1.11a (3.1.11a)

(C:\Program Files\MiKTeX\tex/generic/pgf/libraries\pgflibraryplothandlers.code.
tex
File: pgflibraryplothandlers.code.tex 2025-08-29 v3.1.11a (3.1.11a)
\pgf@plot@mark@count=\count316
\pgfplotmarksize=\dimen273
)
\tikz@lastx=\dimen274
\tikz@lasty=\dimen275
\tikz@lastxsaved=\dimen276
\tikz@lastysaved=\dimen277
\tikz@lastmovetox=\dimen278
\tikz@lastmovetoy=\dimen279
\tikzleveldistance=\dimen280
\tikzsiblingdistance=\dimen281
\tikz@figbox=\box60
\tikz@figbox@bg=\box61
\tikz@tempbox=\box62
\tikz@tempbox@bg=\box63
\tikztreelevel=\count317
\tikznumberofchildren=\count318
\tikznumberofcurrentchild=\count319
\tikz@fig@count=\count320
 (C:\Program Files\MiKTeX\tex/generic/pgf/modules\pgfmodulematrix.code.tex
File: pgfmodulematrix.code.tex 2025-08-29 v3.1.11a (3.1.11a)
\pgfmatrixcurrentrow=\count321
\pgfmatrixcurrentcolumn=\count322
\pgf@matrix@numberofcolumns=\count323
)
\tikz@expandcount=\count324

(C:\Program Files\MiKTeX\tex/generic/pgf/frontendlayer/tikz/libraries\tikzlibra
rytopaths.code.tex
File: tikzlibrarytopaths.code.tex 2025-08-29 v3.1.11a (3.1.11a)
)))
(C:\Program Files\MiKTeX\tex/generic/pgf/frontendlayer/tikz/libraries\tikzlibra
rycalc.code.tex
File: tikzlibrarycalc.code.tex 2025-08-29 v3.1.11a (3.1.11a)
) (C:\Program Files\MiKTeX\tex/generic/soul\soul.sty
Package: soul 2023-06-14 v3.1 Permit use of UTF-8 characters in soul (HO)

(C:\Program Files\MiKTeX\tex/generic/soul\soul-ori.sty
Package: soul-ori 2023-06-14 v3.1 letterspacing/underlining (mf)
\SOUL@word=\toks34
\SOUL@lasttoken=\toks35
\SOUL@syllable=\toks36
\SOUL@cmds=\toks37
\SOUL@buffer=\toks38
\SOUL@token=\toks39
\SOUL@syllgoal=\dimen282
\SOUL@syllwidth=\dimen283
\SOUL@charkern=\dimen284
\SOUL@hyphkern=\dimen285
\SOUL@dimen=\dimen286
\SOUL@dimeni=\dimen287
\SOUL@minus=\count325
\SOUL@comma=\count326
\SOUL@apo=\count327
\SOUL@grave=\count328
\SOUL@spaceskip=\skip66
\SOUL@ttwidth=\dimen288
\SOUL@uldp=\dimen289
\SOUL@ulht=\dimen290
)
(C:\Program Files\MiKTeX\tex/generic/etexcmds\etexcmds.sty
Package: etexcmds 2019/12/15 v1.7 Avoid name clashes with e-TeX commands (HO)
))
(C:\Program Files\MiKTeX\tex/latex/lm\lmodern.sty
Package: lmodern 2015/05/01 v1.6.1 Latin Modern Fonts
LaTeX Font Info:    Overwriting symbol font `operators' in version `normal'
(Font)                  OT1/cmr/m/n --> OT1/lmr/m/n on input line 22.
LaTeX Font Info:    Overwriting symbol font `letters' in version `normal'
(Font)                  OML/cmm/m/it --> OML/lmm/m/it on input line 23.
LaTeX Font Info:    Overwriting symbol font `symbols' in version `normal'
(Font)                  OMS/cmsy/m/n --> OMS/lmsy/m/n on input line 24.
LaTeX Font Info:    Overwriting symbol font `largesymbols' in version `normal'
(Font)                  OMX/cmex/m/n --> OMX/lmex/m/n on input line 25.
LaTeX Font Info:    Overwriting symbol font `operators' in version `bold'
(Font)                  OT1/cmr/bx/n --> OT1/lmr/bx/n on input line 26.
LaTeX Font Info:    Overwriting symbol font `letters' in version `bold'
(Font)                  OML/cmm/b/it --> OML/lmm/b/it on input line 27.
LaTeX Font Info:    Overwriting symbol font `symbols' in version `bold'
(Font)                  OMS/cmsy/b/n --> OMS/lmsy/b/n on input line 28.
LaTeX Font Info:    Overwriting symbol font `largesymbols' in version `bold'
(Font)                  OMX/cmex/m/n --> OMX/lmex/m/n on input line 29.
LaTeX Font Info:    Overwriting math alphabet `\mathbf' in version `normal'
(Font)                  OT1/cmr/bx/n --> OT1/lmr/bx/n on input line 31.
LaTeX Font Info:    Overwriting math alphabet `\mathsf' in version `normal'
(Font)                  OT1/cmss/m/n --> OT1/lmss/m/n on input line 32.
LaTeX Font Info:    Overwriting math alphabet `\mathit' in version `normal'
(Font)                  OT1/cmr/m/it --> OT1/lmr/m/it on input line 33.
LaTeX Font Info:    Overwriting math alphabet `\mathtt' in version `normal'
(Font)                  OT1/cmtt/m/n --> OT1/lmtt/m/n on input line 34.
LaTeX Font Info:    Overwriting math alphabet `\mathbf' in version `bold'
(Font)                  OT1/cmr/bx/n --> OT1/lmr/bx/n on input line 35.
LaTeX Font Info:    Overwriting math alphabet `\mathsf' in version `bold'
(Font)                  OT1/cmss/bx/n --> OT1/lmss/bx/n on input line 36.
LaTeX Font Info:    Overwriting math alphabet `\mathit' in version `bold'
(Font)                  OT1/cmr/bx/it --> OT1/lmr/bx/it on input line 37.
LaTeX Font Info:    Overwriting math alphabet `\mathtt' in version `bold'
(Font)                  OT1/cmtt/m/n --> OT1/lmtt/m/n on input line 38.
)
(C:\Program Files\MiKTeX\tex/generic/babel\babel.sty
Package: babel 2025/08/03 v25.12 The multilingual framework for LuaLaTeX, pdfLa
TeX and XeLaTeX
\babel@savecnt=\count329
LaTeX Encoding Info:    Redeclaring text command \ij (encoding OT1) on input li
ne 2045.
LaTeX Encoding Info:    Redeclaring text command \IJ (encoding OT1) on input li
ne 2047.
LaTeX Encoding Info:    Redeclaring text command \ij (encoding T1) on input lin
e 2049.
LaTeX Encoding Info:    Redeclaring text command \IJ (encoding T1) on input lin
e 2050.
LaTeX Encoding Info:    Ignoring declaration for text command \ij (encoding ?) 
on input line 2051.
LaTeX Encoding Info:    Ignoring declaration for text command \IJ (encoding ?) 
on input line 2053.
LaTeX Encoding Info:    Ignoring declaration for text command \SS (encoding ?) 
on input line 2078.
\U@D=\dimen291
\l@unhyphenated=\language79

(C:\Program Files\MiKTeX\tex/generic/babel\txtbabel.def)
\bbl@readstream=\read3
\bbl@dirlevel=\count330

*************************************
* Local config file bblopts.cfg used
*
(C:\Program Files\MiKTeX\tex/latex/arabi\bblopts.cfg
File: bblopts.cfg 2005/09/08 v0.1 add Arabic and Farsi to "declared" options of
 babel
)
(C:\Program Files\MiKTeX\tex/latex/babel-english\english.ldf
Language: english 2017/06/06 v3.3r English support from the babel system

(C:\Program Files\MiKTeX\tex/generic/babel/locale/en\babel-english.tex
Package babel Info: Importing font and identification data for english
(babel)             from babel-en.ini. Reported on input line 12.
))))
(codespace.sty
Package: codespace 
 (C:\Program Files\MiKTeX\tex/latex/graphics\dvipsnam.def
File: dvipsnam.def 2016/06/17 v3.0m Driver-dependent file (DPC,SPQR)
)
(C:\Program Files\MiKTeX\tex/latex/mdframed\mdframed.sty
Package: mdframed 2013/07/01 1.9b: mdframed

(C:\Program Files\MiKTeX\tex/latex/l3packages/xparse\xparse.sty
(C:\Program Files\MiKTeX\tex/latex/l3kernel\expl3.sty
Package: expl3 2025-08-13 L3 programming layer (loader) 

(C:\Program Files\MiKTeX\tex/latex/l3backend\l3backend-pdftex.def
File: l3backend-pdftex.def 2025-06-09 L3 backend support: PDF output (pdfTeX)
\l__color_backend_stack_int=\count331
))
Package: xparse 2024-08-16 L3 Experimental document command parser
)
(C:\Program Files\MiKTeX\tex/latex/zref\zref-abspage.sty
Package: zref-abspage 2025-06-08 v2.36 Module abspage for zref (HO)

(C:\Program Files\MiKTeX\tex/latex/zref\zref-base.sty
Package: zref-base 2025-06-08 v2.36 Module base for zref (HO)

(C:\Program Files\MiKTeX\tex/latex/auxhook\auxhook.sty
Package: auxhook 2019-12-17 v1.6 Hooks for auxiliary files (HO)
)
Package zref Info: New property list: main on input line 767.
Package zref Info: New property: default on input line 768.
Package zref Info: New property: page on input line 769.
)
\c@abspage=\count332
Package zref Info: New property: abspage on input line 67.
)
(C:\Program Files\MiKTeX\tex/latex/needspace\needspace.sty
Package: needspace 2025/03/13 v1.3e reserve vertical space
)
\mdf@templength=\skip67
\c@mdf@globalstyle@cnt=\count333
\mdf@skipabove@length=\skip68
\mdf@skipbelow@length=\skip69
\mdf@leftmargin@length=\skip70
\mdf@rightmargin@length=\skip71
\mdf@innerleftmargin@length=\skip72
\mdf@innerrightmargin@length=\skip73
\mdf@innertopmargin@length=\skip74
\mdf@innerbottommargin@length=\skip75
\mdf@splittopskip@length=\skip76
\mdf@splitbottomskip@length=\skip77
\mdf@outermargin@length=\skip78
\mdf@innermargin@length=\skip79
\mdf@linewidth@length=\skip80
\mdf@innerlinewidth@length=\skip81
\mdf@middlelinewidth@length=\skip82
\mdf@outerlinewidth@length=\skip83
\mdf@roundcorner@length=\skip84
\mdf@footenotedistance@length=\skip85
\mdf@userdefinedwidth@length=\skip86
\mdf@needspace@length=\skip87
\mdf@frametitleaboveskip@length=\skip88
\mdf@frametitlebelowskip@length=\skip89
\mdf@frametitlerulewidth@length=\skip90
\mdf@frametitleleftmargin@length=\skip91
\mdf@frametitlerightmargin@length=\skip92
\mdf@shadowsize@length=\skip93
\mdf@extratopheight@length=\skip94
\mdf@subtitleabovelinewidth@length=\skip95
\mdf@subtitlebelowlinewidth@length=\skip96
\mdf@subtitleaboveskip@length=\skip97
\mdf@subtitlebelowskip@length=\skip98
\mdf@subtitleinneraboveskip@length=\skip99
\mdf@subtitleinnerbelowskip@length=\skip100
\mdf@subsubtitleabovelinewidth@length=\skip101
\mdf@subsubtitlebelowlinewidth@length=\skip102
\mdf@subsubtitleaboveskip@length=\skip103
\mdf@subsubtitlebelowskip@length=\skip104
\mdf@subsubtitleinneraboveskip@length=\skip105
\mdf@subsubtitleinnerbelowskip@length=\skip106

(C:\Program Files\MiKTeX\tex/latex/mdframed\md-frame-1.mdf
File: md-frame-1.mdf 2013/07/01\ 1.9b: md-frame-1
)
\mdf@frametitlebox=\box64
\mdf@footnotebox=\box65
\mdf@splitbox@one=\box66
\mdf@splitbox@two=\box67
\mdf@splitbox@save=\box68
\mdfsplitboxwidth=\skip107
\mdfsplitboxtotalwidth=\skip108
\mdfsplitboxheight=\skip109
\mdfsplitboxdepth=\skip110
\mdfsplitboxtotalheight=\skip111
\mdfframetitleboxwidth=\skip112
\mdfframetitleboxtotalwidth=\skip113
\mdfframetitleboxheight=\skip114
\mdfframetitleboxdepth=\skip115
\mdfframetitleboxtotalheight=\skip116
\mdffootnoteboxwidth=\skip117
\mdffootnoteboxtotalwidth=\skip118
\mdffootnoteboxheight=\skip119
\mdffootnoteboxdepth=\skip120
\mdffootnoteboxtotalheight=\skip121
\mdftotallinewidth=\skip122
\mdfboundingboxwidth=\skip123
\mdfboundingboxtotalwidth=\skip124
\mdfboundingboxheight=\skip125
\mdfboundingboxdepth=\skip126
\mdfboundingboxtotalheight=\skip127
\mdf@freevspace@length=\skip128
\mdf@horizontalwidthofbox@length=\skip129
\mdf@verticalmarginwhole@length=\skip130
\mdf@horizontalspaceofbox=\skip131
\mdfsubtitleheight=\skip132
\mdfsubsubtitleheight=\skip133
\c@mdfcountframes=\count334

****** mdframed patching \endmdf@trivlist

****** -- success******

\mdf@envdepth=\count335
\c@mdf@env@i=\count336
\c@mdf@env@ii=\count337
\c@mdf@zref@counter=\count338
Package zref Info: New property: mdf@pagevalue on input line 895.
)
(C:\Program Files\MiKTeX\tex/latex/minted\minted.sty
Package: minted 2025/05/14 v3.7.0 Yet another Pygments shim for LaTeX

(C:\Program Files\MiKTeX\tex/generic/catchfile\catchfile.sty
Package: catchfile 2019/12/09 v1.8 Catch the contents of a file (HO)
)
(C:\Program Files\MiKTeX\tex/latex/fvextra\fvextra.sty
Package: fvextra 2025/05/29 v1.13.2 fvextra - extensions and patches for fancyv
rb

(C:\Program Files\MiKTeX\tex/latex/fancyvrb\fancyvrb.sty
Package: fancyvrb 2025/07/28 4.6 verbatim text (tvz,hv)
\FV@CodeLineNo=\count339
\FV@InFile=\read4
\FV@TabBox=\box69
\c@FancyVerbLine=\count340
\FV@StepNumber=\count341
\FV@OutFile=\write4
)
(C:\Program Files\MiKTeX\tex/latex/upquote\upquote.sty
Package: upquote 2012/04/19 v1.3 upright-quote and grave-accent glyphs in verba
tim

(C:\Program Files\MiKTeX\tex/latex/base\textcomp.sty
Package: textcomp 2024/04/24 v2.1b Standard LaTeX package
))
(C:\Program Files\MiKTeX\tex/latex/lineno\lineno.sty
Package: lineno 2025/05/13 line numbers on paragraphs v5.5
\linenopenalty=\count342
\output=\toks40
\linenoprevgraf=\count343
\linenumbersep=\dimen292
\linenumberwidth=\dimen293
\c@linenumber=\count344
\c@pagewiselinenumber=\count345
\c@LN@truepage=\count346
\c@internallinenumber=\count347
\c@internallinenumbers=\count348
\quotelinenumbersep=\dimen294
\bframerule=\dimen295
\bframesep=\dimen296
\bframebox=\box70
)
\c@FancyVerbWriteLine=\count349
\c@FancyVerbBufferLine=\count350
\c@FV@TrueTabGroupLevel=\count351
\c@FV@TrueTabCounter=\count352
\FV@TabBox@Group=\box71
\FV@bgcolorstructbox=\box72
\FV@TmpLength=\skip134
\c@FV@HighlightLinesStart=\count353
\c@FV@HighlightLinesStop=\count354
\FV@LoopCount=\count355
\FV@NCharsBox=\box73
\FV@BreakIndent=\dimen297
\FV@BreakIndentNChars=\count356
\FV@BreakSymbolSepLeft=\dimen298
\FV@BreakSymbolSepLeftNChars=\count357
\FV@BreakSymbolSepRight=\dimen299
\FV@BreakSymbolSepRightNChars=\count358
\FV@BreakSymbolIndentLeft=\dimen300
\FV@BreakSymbolIndentLeftNChars=\count359
\FV@BreakSymbolIndentRight=\dimen301
\FV@BreakSymbolIndentRightNChars=\count360
\c@FancyVerbLineBreakLast=\count361
\FV@LineBox=\box74
\FV@LineIndentBox=\box75
\c@FV@BreakBufferDepth=\count362
\FV@LineWidth=\dimen302
)
(C:\Program Files\MiKTeX\tex/latex/latex2pydata\latex2pydata.sty
Package: latex2pydata 2025/03/26 v0.6.0 latex2pydata - write data to file in Py
thon literal format
)
(C:\Program Files\MiKTeX\tex/latex/pgfopts\pgfopts.sty
Package: pgfopts 2014/07/10 v2.1a LaTeX package options with pgfkeys
\pgfopts@list@add@a@toks=\toks41
\pgfopts@list@add@b@toks=\toks42
)
(C:\Program Files\MiKTeX\tex/latex/tools\shellesc.sty
Package: shellesc 2023/07/08 v1.0d unified shell escape interface for LaTeX
Package shellesc Info: Restricted shell escape enabled on input line 77.
)
(C:\Program Files\MiKTeX\tex/latex/float\float.sty
Package: float 2001/11/08 v1.3d Float enhancements (AL)
\c@float@type=\count363
\float@exts=\toks43
\float@box=\box76
\@float@everytoks=\toks44
\@floatcapt=\box77
)
\c@minted@FancyVerbLineTemp=\count364
\@float@every@listing=\toks45
\c@listing=\count365
)
(C:\Program Files\MiKTeX\tex/latex/tools\verbatim.sty
Package: verbatim 2024-01-22 v1.5x LaTeX2e package for verbatim enhancements
\every@verbatim=\toks46
\verbatim@line=\toks47
\verbatim@in@stream=\read5
)
(C:\Program Files\MiKTeX\tex/latex/algorithm2e\algorithm2e.sty
Package: algorithm2e 2017/07/18 v5.2 algorithms environments
\c@AlgoLine=\count366
\algocf@hangindent=\skip135

(C:\Program Files\MiKTeX\tex/latex/ifoddpage\ifoddpage.sty
Package: ifoddpage 2022/10/18 v1.2 Conditionals for odd/even page detection
\c@checkoddpage=\count367
)
(C:\Program Files\MiKTeX\tex/latex/tools\xspace.sty
Package: xspace 2014/10/28 v1.13 Space after command names (DPC,MH)
)
(C:\Program Files\MiKTeX\tex/latex/relsize\relsize.sty
Package: relsize 2013/03/29 ver 4.1
)
\skiptotal=\skip136
\skiplinenumber=\skip137
\skiprule=\skip138
\skiphlne=\skip139
\skiptext=\skip140
\skiplength=\skip141
\algomargin=\skip142
\skipalgocfslide=\skip143
\algowidth=\dimen303
\inoutsize=\dimen304
\inoutindent=\dimen305
\interspacetitleruled=\dimen306
\interspacealgoruled=\dimen307
\interspacetitleboxruled=\dimen308
\algocf@ruledwidth=\skip144
\algocf@inoutbox=\box78
\algocf@inputbox=\box79
\AlCapSkip=\skip145
\AlCapHSkip=\skip146
\algoskipindent=\skip147
\algocf@nlbox=\box80
\algocf@hangingbox=\box81
\algocf@untilbox=\box82
\algocf@skipuntil=\skip148
\algocf@capbox=\box83
\algocf@lcaptionbox=\skip149
\algoheightruledefault=\skip150
\algoheightrule=\skip151
\algotitleheightruledefault=\skip152
\algotitleheightrule=\skip153
\c@algocfline=\count368
\c@algocfproc=\count369
\c@algocf=\count370
\algocf@algoframe=\box84
\algocf@algobox=\box85
))
(C:\Program Files\MiKTeX\tex/latex/amsmath\amsmath.sty
Package: amsmath 2025/06/16 v2.17y AMS math features
\@mathmargin=\skip154

For additional information on amsmath, use the `?' option.
(C:\Program Files\MiKTeX\tex/latex/amsmath\amstext.sty
Package: amstext 2024/11/17 v2.01 AMS text

(C:\Program Files\MiKTeX\tex/latex/amsmath\amsgen.sty
File: amsgen.sty 1999/11/30 v2.0 generic functions
\@emptytoks=\toks48
\ex@=\dimen309
))
(C:\Program Files\MiKTeX\tex/latex/amsmath\amsbsy.sty
Package: amsbsy 1999/11/29 v1.2d Bold Symbols
\pmbraise@=\dimen310
)
(C:\Program Files\MiKTeX\tex/latex/amsmath\amsopn.sty
Package: amsopn 2022/04/08 v2.04 operator names
)
\inf@bad=\count371
LaTeX Info: Redefining \frac on input line 233.
\uproot@=\count372
\leftroot@=\count373
LaTeX Info: Redefining \overline on input line 398.
LaTeX Info: Redefining \colon on input line 409.
\classnum@=\count374
\DOTSCASE@=\count375
LaTeX Info: Redefining \ldots on input line 495.
LaTeX Info: Redefining \dots on input line 498.
LaTeX Info: Redefining \cdots on input line 619.
\Mathstrutbox@=\box86
\strutbox@=\box87
LaTeX Info: Redefining \big on input line 721.
LaTeX Info: Redefining \Big on input line 722.
LaTeX Info: Redefining \bigg on input line 723.
LaTeX Info: Redefining \Bigg on input line 724.
\big@size=\dimen311
LaTeX Font Info:    Redeclaring font encoding OML on input line 742.
LaTeX Font Info:    Redeclaring font encoding OMS on input line 743.
\macc@depth=\count376
LaTeX Info: Redefining \bmod on input line 904.
LaTeX Info: Redefining \pmod on input line 909.
LaTeX Info: Redefining \smash on input line 939.
LaTeX Info: Redefining \relbar on input line 969.
LaTeX Info: Redefining \Relbar on input line 970.
\c@MaxMatrixCols=\count377
\dotsspace@=\muskip18
\c@parentequation=\count378
\dspbrk@lvl=\count379
\tag@help=\toks49
\row@=\count380
\column@=\count381
\maxfields@=\count382
\andhelp@=\toks50
\eqnshift@=\dimen312
\alignsep@=\dimen313
\tagshift@=\dimen314
\tagwidth@=\dimen315
\totwidth@=\dimen316
\lineht@=\dimen317
\@envbody=\toks51
\multlinegap=\skip155
\multlinetaggap=\skip156
\mathdisplay@stack=\toks52
LaTeX Info: Redefining \[ on input line 2949.
LaTeX Info: Redefining \] on input line 2950.
)
\@LN@amsmath@ams@eqpen=\count383

(C:\Program Files\MiKTeX\tex/latex/amsfonts\amssymb.sty
Package: amssymb 2013/01/14 v3.01 AMS font symbols

(C:\Program Files\MiKTeX\tex/latex/amsfonts\amsfonts.sty
Package: amsfonts 2013/01/14 v3.01 Basic AMSFonts support
\symAMSa=\mathgroup4
\symAMSb=\mathgroup5
LaTeX Font Info:    Redeclaring math symbol \hbar on input line 98.
LaTeX Font Info:    Overwriting math alphabet `\mathfrak' in version `bold'
(Font)                  U/euf/m/n --> U/euf/b/n on input line 106.
))
(C:\Program Files\MiKTeX\tex/latex/gensymb\gensymb.sty
Package: gensymb 2022/10/17 v1.0.2 (KJH)
)
(C:\Program Files\MiKTeX\tex/latex/tools\array.sty
Package: array 2025/06/08 v2.6j Tabular extension package (FMi)
\col@sep=\dimen318
\ar@mcellbox=\box88
\extrarowheight=\dimen319
\NC@list=\toks53
\extratabsurround=\skip157
\backup@length=\skip158
\ar@cellbox=\box89
)
(C:\Program Files\MiKTeX\tex/latex/tools\multicol.sty
Package: multicol 2025/05/25 v2.0a multicolumn formatting (FMi)
\c@tracingmulticols=\count384
\mult@box=\box90
\multicol@leftmargin=\dimen320
\c@unbalance=\count385
\c@collectmore=\count386
\doublecol@number=\count387
\multicoltolerance=\count388
\multicolpretolerance=\count389
\full@width=\dimen321
\page@free=\dimen322
\premulticols=\dimen323
\postmulticols=\dimen324
\multicolsep=\skip159
\multicolbaselineskip=\skip160
\partial@page=\box91
\last@line=\box92
\mc@boxedresult=\box93
\maxbalancingoverflow=\dimen325
\mult@rightbox=\box94
\mult@grightbox=\box95
\mult@firstbox=\box96
\mult@gfirstbox=\box97
\@tempa=\box98
\@tempa=\box99
\@tempa=\box100
\@tempa=\box101
\@tempa=\box102
\@tempa=\box103
\@tempa=\box104
\@tempa=\box105
\@tempa=\box106
\@tempa=\box107
\@tempa=\box108
\@tempa=\box109
\@tempa=\box110
\@tempa=\box111
\@tempa=\box112
\@tempa=\box113
\@tempa=\box114
\@tempa=\box115
\@tempa=\box116
\@tempa=\box117
\@tempa=\box118
\@tempa=\box119
\@tempa=\box120
\@tempa=\box121
\@tempa=\box122
\@tempa=\box123
\@tempa=\box124
\@tempa=\box125
\@tempa=\box126
\@tempa=\box127
\@tempa=\box128
\@tempa=\box129
\@tempa=\box130
\@tempa=\box131
\@tempa=\box132
\@tempa=\box133
\c@minrows=\count390
\c@columnbadness=\count391
\c@finalcolumnbadness=\count392
\last@try=\dimen326
\multicolovershoot=\dimen327
\multicolundershoot=\dimen328
\mult@nat@firstbox=\box134
\colbreak@box=\box135
\mc@col@check@num=\count393
\g__mc_curr_col_int=\count394
)
(C:\Program Files\MiKTeX\tex/latex/multirow\multirow.sty
Package: multirow 2024/11/12 v2.9 Span multiple rows of a table
\multirow@colwidth=\skip161
\multirow@cntb=\count395
\multirow@dima=\skip162
\bigstrutjot=\dimen329
)
(C:\Program Files\MiKTeX\tex/latex/siunitx\siunitx.sty
Package: siunitx 2025-07-09 v3.4.14 A comprehensive (SI) units package
\l__siunitx_number_uncert_offset_int=\count396
\l__siunitx_number_exponent_fixed_int=\count397
\l__siunitx_number_min_decimal_int=\count398
\l__siunitx_number_min_integer_int=\count399
\l__siunitx_number_round_precision_int=\count400
\l__siunitx_number_lower_threshold_int=\count401
\l__siunitx_number_upper_threshold_int=\count402
\l__siunitx_number_group_first_int=\count403
\l__siunitx_number_group_size_int=\count404
\l__siunitx_number_group_minimum_int=\count405
\l__siunitx_angle_tmp_dim=\dimen330
\l__siunitx_angle_marker_box=\box136
\l__siunitx_angle_unit_box=\box137
\l__siunitx_compound_count_int=\count406

(C:\Program Files\MiKTeX\tex/latex/translations\translations.sty
Package: translations 2022/02/05 v1.12 internationalization of LaTeX2e packages
 (CN)
)
\l__siunitx_table_tmp_box=\box138
\l__siunitx_table_tmp_dim=\dimen331
\l__siunitx_table_column_width_dim=\dimen332
\l__siunitx_table_integer_box=\box139
\l__siunitx_table_decimal_box=\box140
\l__siunitx_table_uncert_box=\box141
\l__siunitx_table_before_box=\box142
\l__siunitx_table_after_box=\box143
\l__siunitx_table_before_dim=\dimen333
\l__siunitx_table_carry_dim=\dimen334
\l__siunitx_unit_tmp_int=\count407
\l__siunitx_unit_position_int=\count408
\l__siunitx_unit_total_int=\count409
)
(C:\Program Files\MiKTeX\tex/latex/tools\tabularx.sty
Package: tabularx 2023/12/11 v2.12a `tabularx' package (DPC)
\TX@col@width=\dimen335
\TX@old@table=\dimen336
\TX@old@col=\dimen337
\TX@target=\dimen338
\TX@delta=\dimen339
\TX@cols=\count410
\TX@ftn=\toks54
)
(C:\Program Files\MiKTeX\tex/latex/enumitem\enumitem.sty
Package: enumitem 2025/02/06 v3.11 Customized lists
\labelindent=\skip163
\enit@outerparindent=\dimen340
\enit@toks=\toks55
\enit@inbox=\box144
\enit@count@id=\count411
\enitdp@description=\count412
)
(C:\Program Files\MiKTeX\tex/latex/caption\caption.sty
Package: caption 2023/08/05 v3.6o Customizing captions (AR)

(C:\Program Files\MiKTeX\tex/latex/caption\caption3.sty
Package: caption3 2023/07/31 v2.4d caption3 kernel (AR)
\caption@tempdima=\dimen341
\captionmargin=\dimen342
\caption@leftmargin=\dimen343
\caption@rightmargin=\dimen344
\caption@width=\dimen345
\caption@indent=\dimen346
\caption@parindent=\dimen347
\caption@hangindent=\dimen348
Package caption Info: Standard document class detected.
)
\c@caption@flags=\count413
\c@continuedfloat=\count414
Package caption Info: float package is loaded.
Package caption Info: hyperref package is loaded.
)
(C:\Program Files\MiKTeX\tex/latex/listings\listings.sty
\lst@mode=\count415
\lst@gtempboxa=\box145
\lst@token=\toks56
\lst@length=\count416
\lst@currlwidth=\dimen349
\lst@column=\count417
\lst@pos=\count418
\lst@lostspace=\dimen350
\lst@width=\dimen351
\lst@newlines=\count419
\lst@lineno=\count420
\lst@maxwidth=\dimen352

(C:\Program Files\MiKTeX\tex/latex/listings\lstpatch.sty
File: lstpatch.sty 2024/09/23 1.10c (Carsten Heinz)
)
(C:\Program Files\MiKTeX\tex/latex/listings\lstmisc.sty
File: lstmisc.sty 2024/09/23 1.10c (Carsten Heinz)
\c@lstnumber=\count421
\lst@skipnumbers=\count422
\lst@framebox=\box146
)
(C:\Program Files\MiKTeX\tex/latex/listings\listings.cfg
File: listings.cfg 2024/09/23 1.10c listings configuration
))
Package: listings 2024/09/23 1.10c (Carsten Heinz)

(C:\Program Files\MiKTeX\tex/latex/colortbl\colortbl.sty
Package: colortbl 2024/10/29 v1.0k Color table columns (DPC)
\everycr=\toks57
\minrowclearance=\skip164
\rownum=\count423
)
(C:\Program Files\MiKTeX\tex/generic/pgf/frontendlayer/tikz/libraries\tikzlibra
ryshapes.code.tex
File: tikzlibraryshapes.code.tex 2025-08-29 v3.1.11a (3.1.11a)

(C:\Program Files\MiKTeX\tex/generic/pgf/frontendlayer/tikz/libraries\tikzlibra
ryshapes.geometric.code.tex
File: tikzlibraryshapes.geometric.code.tex 2025-08-29 v3.1.11a (3.1.11a)

(C:\Program Files\MiKTeX\tex/generic/pgf/libraries/shapes\pgflibraryshapes.geom
etric.code.tex
File: pgflibraryshapes.geometric.code.tex 2025-08-29 v3.1.11a (3.1.11a)
))
(C:\Program Files\MiKTeX\tex/generic/pgf/frontendlayer/tikz/libraries\tikzlibra
ryshapes.misc.code.tex
File: tikzlibraryshapes.misc.code.tex 2025-08-29 v3.1.11a (3.1.11a)

(C:\Program Files\MiKTeX\tex/generic/pgf/libraries/shapes\pgflibraryshapes.misc
.code.tex
File: pgflibraryshapes.misc.code.tex 2025-08-29 v3.1.11a (3.1.11a)
))
(C:\Program Files\MiKTeX\tex/generic/pgf/frontendlayer/tikz/libraries\tikzlibra
ryshapes.symbols.code.tex
File: tikzlibraryshapes.symbols.code.tex 2025-08-29 v3.1.11a (3.1.11a)

(C:\Program Files\MiKTeX\tex/generic/pgf/libraries/shapes\pgflibraryshapes.symb
ols.code.tex
File: pgflibraryshapes.symbols.code.tex 2025-08-29 v3.1.11a (3.1.11a)
))
(C:\Program Files\MiKTeX\tex/generic/pgf/frontendlayer/tikz/libraries\tikzlibra
ryshapes.arrows.code.tex
File: tikzlibraryshapes.arrows.code.tex 2025-08-29 v3.1.11a (3.1.11a)

(C:\Program Files\MiKTeX\tex/generic/pgf/libraries/shapes\pgflibraryshapes.arro
ws.code.tex
File: pgflibraryshapes.arrows.code.tex 2025-08-29 v3.1.11a (3.1.11a)
))
(C:\Program Files\MiKTeX\tex/generic/pgf/frontendlayer/tikz/libraries\tikzlibra
ryshapes.callouts.code.tex
(C:\Program Files\MiKTeX\tex/generic/pgf/libraries/shapes\pgflibraryshapes.call
outs.code.tex))
(C:\Program Files\MiKTeX\tex/generic/pgf/frontendlayer/tikz/libraries\tikzlibra
ryshapes.multipart.code.tex
File: tikzlibraryshapes.multipart.code.tex 2025-08-29 v3.1.11a (3.1.11a)

(C:\Program Files\MiKTeX\tex/generic/pgf/libraries/shapes\pgflibraryshapes.mult
ipart.code.tex
File: pgflibraryshapes.multipart.code.tex 2025-08-29 v3.1.11a (3.1.11a)
\pgfnodepartlowerbox=\box147
\pgfnodeparttwobox=\box148
\pgfnodepartthreebox=\box149
\pgfnodepartfourbox=\box150
\pgfnodeparttwentybox=\box151
\pgfnodepartnineteenbox=\box152
\pgfnodeparteighteenbox=\box153
\pgfnodepartseventeenbox=\box154
\pgfnodepartsixteenbox=\box155
\pgfnodepartfifteenbox=\box156
\pgfnodepartfourteenbox=\box157
\pgfnodepartthirteenbox=\box158
\pgfnodeparttwelvebox=\box159
\pgfnodepartelevenbox=\box160
\pgfnodeparttenbox=\box161
\pgfnodepartninebox=\box162
\pgfnodeparteightbox=\box163
\pgfnodepartsevenbox=\box164
\pgfnodepartsixbox=\box165
\pgfnodepartfivebox=\box166
)))
(C:\Program Files\MiKTeX\tex/generic/pgf/frontendlayer/tikz/libraries\tikzlibra
ryarrows.code.tex
File: tikzlibraryarrows.code.tex 2025-08-29 v3.1.11a (3.1.11a)

(C:\Program Files\MiKTeX\tex/generic/pgf/libraries\pgflibraryarrows.code.tex
File: pgflibraryarrows.code.tex 2025-08-29 v3.1.11a (3.1.11a)
\arrowsize=\dimen353
))
(C:\Program Files\MiKTeX\tex/generic/pgf/frontendlayer/tikz/libraries\tikzlibra
rypositioning.code.tex
File: tikzlibrarypositioning.code.tex 2025-08-29 v3.1.11a (3.1.11a)
)
(C:\Program Files\MiKTeX\tex/latex/pgfplots\pgfplots.sty
(C:\Program Files\MiKTeX\tex/generic/pgfplots\pgfplots.revision.tex)
Package: pgfplots 2021/05/15 v1.18.1 Data Visualization (1.18.1)

(C:\Program Files\MiKTeX\tex/generic/pgfplots\pgfplots.code.tex
(C:\Program Files\MiKTeX\tex/generic/pgfplots\pgfplotscore.code.tex
\t@pgfplots@toka=\toks58
\t@pgfplots@tokb=\toks59
\t@pgfplots@tokc=\toks60
\pgfplots@tmpa=\dimen354
\c@pgfplots@coordindex=\count424
\c@pgfplots@scanlineindex=\count425

(C:\Program Files\MiKTeX\tex/generic/pgfplots/sys\pgfplotssysgeneric.code.tex))
(C:\Program Files\MiKTeX\tex/generic/pgfplots/libs\pgfplotslibrary.code.tex)
(C:\Program Files\MiKTeX\tex/generic/pgfplots/oldpgfcompatib\pgfplotsoldpgfsupp
_loader.code.tex
(C:\Program Files\MiKTeX\tex/generic/pgf/libraries\pgflibraryfpu.code.tex)
Package pgfplots: loading complementary utilities for your pgf version...
\t@pgf@toka=\toks61
\t@pgf@tokb=\toks62
\t@pgf@tokc=\toks63

(C:\Program Files\MiKTeX\tex/generic/pgfplots/oldpgfcompatib\pgfplotsoldpgfsupp
_pgfutil-common-lists.tex))
(C:\Program Files\MiKTeX\tex/generic/pgfplots/util\pgfplotsutil.code.tex
(C:\Program Files\MiKTeX\tex/generic/pgfplots/liststructure\pgfplotsliststructu
re.code.tex)
(C:\Program Files\MiKTeX\tex/generic/pgfplots/liststructure\pgfplotsliststructu
reext.code.tex)
(C:\Program Files\MiKTeX\tex/generic/pgfplots/liststructure\pgfplotsarray.code.
tex
\c@pgfplotsarray@tmp=\count426
)
(C:\Program Files\MiKTeX\tex/generic/pgfplots/liststructure\pgfplotsmatrix.code
.tex)
(C:\Program Files\MiKTeX\tex/generic/pgfplots/numtable\pgfplotstableshared.code
.tex
\c@pgfplotstable@counta=\count427
\t@pgfplotstable@a=\toks64
)
(C:\Program Files\MiKTeX\tex/generic/pgfplots/liststructure\pgfplotsdeque.code.
tex) (C:\Program Files\MiKTeX\tex/generic/pgfplots/util\pgfplotsbinary.code.tex

(C:\Program Files\MiKTeX\tex/generic/pgfplots/util\pgfplotsbinary.data.code.tex
))
(C:\Program Files\MiKTeX\tex/generic/pgfplots/util\pgfplotsutil.verb.code.tex)
(C:\Program Files\MiKTeX\tex/generic/pgfplots/libs\pgflibrarypgfplots.surfshadi
ng.code.tex
\c@pgfplotslibrarysurf@no=\count428

(C:\Program Files\MiKTeX\tex/generic/pgfplots/sys\pgflibrarypgfplots.surfshadin
g.pgfsys-pdftex.def)))
(C:\Program Files\MiKTeX\tex/generic/pgfplots/util\pgfplotscolormap.code.tex
(C:\Program Files\MiKTeX\tex/generic/pgfplots/util\pgfplotscolor.code.tex))
(C:\Program Files\MiKTeX\tex/generic/pgfplots\pgfplotsstackedplots.code.tex)
(C:\Program Files\MiKTeX\tex/generic/pgfplots\pgfplotsplothandlers.code.tex
(C:\Program Files\MiKTeX\tex/generic/pgfplots\pgfplotsmeshplothandler.code.tex
(C:\Program Files\MiKTeX\tex/generic/pgfplots\pgfplotsmeshplotimage.code.tex)))
(C:\Program Files\MiKTeX\tex/generic/pgfplots\pgfplots.scaling.code.tex)
(C:\Program Files\MiKTeX\tex/generic/pgfplots\pgfplotscoordprocessing.code.tex)
(C:\Program Files\MiKTeX\tex/generic/pgfplots\pgfplots.errorbars.code.tex)
(C:\Program Files\MiKTeX\tex/generic/pgfplots\pgfplots.markers.code.tex)
(C:\Program Files\MiKTeX\tex/generic/pgfplots\pgfplotsticks.code.tex)
(C:\Program Files\MiKTeX\tex/generic/pgfplots\pgfplots.paths.code.tex)
(C:\Program Files\MiKTeX\tex/generic/pgf/frontendlayer/tikz/libraries\tikzlibra
rydecorations.code.tex
(C:\Program Files\MiKTeX\tex/generic/pgf/modules\pgfmoduledecorations.code.tex
\pgfdecoratedcompleteddistance=\dimen355
\pgfdecoratedremainingdistance=\dimen356
\pgfdecoratedinputsegmentcompleteddistance=\dimen357
\pgfdecoratedinputsegmentremainingdistance=\dimen358
\pgf@decorate@distancetomove=\dimen359
\pgf@decorate@repeatstate=\count429
\pgfdecorationsegmentamplitude=\dimen360
\pgfdecorationsegmentlength=\dimen361
)
\tikz@lib@dec@box=\box167
)
(C:\Program Files\MiKTeX\tex/generic/pgf/frontendlayer/tikz/libraries\tikzlibra
rydecorations.pathmorphing.code.tex
(C:\Program Files\MiKTeX\tex/generic/pgf/libraries/decorations\pgflibrarydecora
tions.pathmorphing.code.tex))
(C:\Program Files\MiKTeX\tex/generic/pgf/frontendlayer/tikz/libraries\tikzlibra
rydecorations.pathreplacing.code.tex
(C:\Program Files\MiKTeX\tex/generic/pgf/libraries/decorations\pgflibrarydecora
tions.pathreplacing.code.tex))
(C:\Program Files\MiKTeX\tex/generic/pgfplots/libs\tikzlibrarypgfplots.contourl
ua.code.tex)
\pgfplots@numplots=\count430
\pgfplots@xmin@reg=\dimen362
\pgfplots@xmax@reg=\dimen363
\pgfplots@ymin@reg=\dimen364
\pgfplots@ymax@reg=\dimen365
\pgfplots@zmin@reg=\dimen366
\pgfplots@zmax@reg=\dimen367
)
(C:\Program Files\MiKTeX\tex/generic/pgf/frontendlayer/tikz/libraries\tikzlibra
ryplotmarks.code.tex
File: tikzlibraryplotmarks.code.tex 2025-08-29 v3.1.11a (3.1.11a)

(C:\Program Files\MiKTeX\tex/generic/pgf/libraries\pgflibraryplotmarks.code.tex
File: pgflibraryplotmarks.code.tex 2025-08-29 v3.1.11a (3.1.11a)
))) (C:\Program Files\MiKTeX\tex/latex/adjustbox\adjustbox.sty
Package: adjustbox 2025/02/26 v1.3c Adjusting TeX boxes (trim, clip, ...)

(C:\Program Files\MiKTeX\tex/latex/xkeyval\xkeyval.sty
Package: xkeyval 2022/06/16 v2.9 package option processing (HA)

(C:\Program Files\MiKTeX\tex/generic/xkeyval\xkeyval.tex
(C:\Program Files\MiKTeX\tex/generic/xkeyval\xkvutils.tex
\XKV@toks=\toks65
\XKV@tempa@toks=\toks66
)
\XKV@depth=\count431
File: xkeyval.tex 2014/12/03 v2.7a key=value parser (HA)
))
(C:\Program Files\MiKTeX\tex/latex/adjustbox\adjcalc.sty
Package: adjcalc 2012/05/16 v1.1 Provides advanced setlength with multiple back
-ends (calc, etex, pgfmath)
)
(C:\Program Files\MiKTeX\tex/latex/adjustbox\trimclip.sty
Package: trimclip 2025/02/21 v1.2a Trim and clip general TeX material

(C:\Program Files\MiKTeX\tex/latex/collectbox\collectbox.sty
Package: collectbox 2022/10/17 v0.4c Collect macro arguments as boxes
\collectedbox=\box168
)
\tc@llx=\dimen368
\tc@lly=\dimen369
\tc@urx=\dimen370
\tc@ury=\dimen371
Package trimclip Info: Using driver 'tc-pdftex.def'.

(C:\Program Files\MiKTeX\tex/latex/adjustbox\tc-pdftex.def
File: tc-pdftex.def 2025/02/26 v2.3 Clipping driver for pdftex
))
\adjbox@Width=\dimen372
\adjbox@Height=\dimen373
\adjbox@Depth=\dimen374
\adjbox@Totalheight=\dimen375
\adjbox@pwidth=\dimen376
\adjbox@pheight=\dimen377
\adjbox@pdepth=\dimen378
\adjbox@ptotalheight=\dimen379

(C:\Program Files\MiKTeX\tex/latex/varwidth\varwidth.sty
Package: varwidth 2009/03/30 ver 0.92;  Variable-width minipages
\@vwid@box=\box169
\sift@deathcycles=\count432
\@vwid@loff=\dimen380
\@vwid@roff=\dimen381
)
==> First Aid for varwidth.sty applied!
) (C:\Program Files\MiKTeX\tex/latex/mwe\mwe.sty
Package: mwe 2018/03/30 v0.5 Package to support minimal working examples (MWE)

(C:\Program Files\MiKTeX\tex/latex/lipsum\lipsum.sty
(C:\Program Files\MiKTeX\tex/latex/l3packages/l3keys2e\l3keys2e.sty
Package: l3keys2e 2024-08-16 LaTeX2e option processing using LaTeX3 keys
)
Package: lipsum 2021-09-20 v2.7 150 paragraphs of Lorem Ipsum dummy text
\g__lipsum_par_int=\count433
\l__lipsum_a_int=\count434
\l__lipsum_b_int=\count435

(C:\Program Files\MiKTeX\tex/latex/lipsum\lipsum.ltd.tex))
(C:\Program Files\MiKTeX\tex/latex/blindtext\blindtext.sty
Package: blindtext 2012/01/06 V2.0 blindtext-Package
\c@blindtext=\count436
\c@Blindtext=\count437
\c@blind@countparstart=\count438
\blind@countxx=\count439
\blindtext@numBlindtext=\count440
\blind@countyy=\count441
\c@blindlist=\count442
\c@blindlistlevel=\count443
\c@blindlist@level=\count444
\blind@listitem=\count445
\c@blind@listcount=\count446
\c@blind@levelcount=\count447
\blind@mathformula=\count448
\blind@Mathformula=\count449
\c@blind@randomcount=\count450
\c@blind@randommax=\count451
\c@blind@pangramcount=\count452
\c@blind@pangrammax=\count453
))
(C:\Program Files\MiKTeX\tex/latex/titlesec\titlesec.sty
Package: titlesec 2025/01/04 v2.17 Sectioning titles
\ttl@box=\box170
\beforetitleunit=\skip165
\aftertitleunit=\skip166
\ttl@plus=\dimen382
\ttl@minus=\dimen383
\ttl@toksa=\toks67
\titlewidth=\dimen384
\titlewidthlast=\dimen385
\titlewidthfirst=\dimen386
)
Package hyperref Info: Option `colorlinks' set `true' on input line 82.
LaTeX Font Info:    Trying to load font information for T5+lmr on input line 84
.

(C:\Program Files\MiKTeX\tex/latex/lm\t5lmr.fd
File: t5lmr.fd 2015/05/01 v1.6.1 Font defs for Latin Modern
) (report.aux
(chapters/report_here/intro_and_obj.aux) (chapters/report_here/chapter1.aux)
(chapters/report_here/chapter2.aux) (chapters/report_here/chapter3.aux)
(chapters/report_here/chapter4.aux) (chapters/report_here/chapter5.aux)
(chapters/report_here/chapter6.aux) (chapters/report_here/chapter7.aux

LaTeX Warning: Label `fig:coreiot_homepage' multiply defined.


LaTeX Warning: Label `fig:coreiot_login' multiply defined.


LaTeX Warning: Label `fig:coreiot_dashboard' multiply defined.


LaTeX Warning: Label `fig:latest_telemetry' multiply defined.


LaTeX Warning: Label `fig:rule_chain' multiply defined.

) (chapters/report_here/chapter8.aux) (chapters/report_here/chapter9.aux)
(chapters/report_here/conclusion.aux))
\openout1 = `report.aux'.

LaTeX Font Info:    Checking defaults for OML/cmm/m/it on input line 84.
LaTeX Font Info:    ... okay on input line 84.
LaTeX Font Info:    Checking defaults for OMS/cmsy/m/n on input line 84.
LaTeX Font Info:    ... okay on input line 84.
LaTeX Font Info:    Checking defaults for OT1/cmr/m/n on input line 84.
LaTeX Font Info:    ... okay on input line 84.
LaTeX Font Info:    Checking defaults for T1/cmr/m/n on input line 84.
LaTeX Font Info:    ... okay on input line 84.
LaTeX Font Info:    Checking defaults for TS1/cmr/m/n on input line 84.
LaTeX Font Info:    ... okay on input line 84.
LaTeX Font Info:    Checking defaults for OMX/cmex/m/n on input line 84.
LaTeX Font Info:    ... okay on input line 84.
LaTeX Font Info:    Checking defaults for U/cmr/m/n on input line 84.
LaTeX Font Info:    ... okay on input line 84.
LaTeX Font Info:    Checking defaults for T5/cmr/m/n on input line 84.
LaTeX Font Info:    ... okay on input line 84.
LaTeX Font Info:    Checking defaults for PD1/pdf/m/n on input line 84.
LaTeX Font Info:    ... okay on input line 84.
LaTeX Font Info:    Checking defaults for PU/pdf/m/n on input line 84.
LaTeX Font Info:    ... okay on input line 84.

*geometry* driver: auto-detecting
*geometry* detected driver: pdftex
*geometry* verbose mode - [ preamble ] result:
* driver: pdftex
* paper: a4paper
* layout: <same size as paper>
* layoutoffset:(h,v)=(0.0pt,0.0pt)
* modes: 
* h-part:(L,W,R)=(56.9055pt, 483.69687pt, 56.9055pt)
* v-part:(T,H,B)=(85.35826pt, 674.33032pt, 85.35826pt)
* \paperwidth=597.50787pt
* \paperheight=845.04684pt
* \textwidth=483.69687pt
* \textheight=674.33032pt
* \oddsidemargin=-15.36449pt
* \evensidemargin=-15.36449pt
* \topmargin=-23.91173pt
* \headheight=40.0pt
* \headsep=25.0pt
* \topskip=12.0pt
* \footskip=30.0pt
* \marginparwidth=44.0pt
* \marginparsep=10.0pt
* \columnsep=10.0pt
* \skip\footins=10.8pt plus 4.0pt minus 2.0pt
* \hoffset=0.0pt
* \voffset=0.0pt
* \mag=1000
* \@twocolumnfalse
* \@twosidefalse
* \@mparswitchfalse
* \@reversemarginfalse
* (1in=72.27pt=25.4mm, 1cm=28.453pt)

(C:\Program Files\MiKTeX\tex/context/base/mkii\supp-pdf.mkii
[Loading MPS to PDF converter (version 2006.09.02).]
\scratchcounter=\count454
\scratchdimen=\dimen387
\scratchbox=\box171
\nofMPsegments=\count455
\nofMParguments=\count456
\everyMPshowfont=\toks68
\MPscratchCnt=\count457
\MPscratchDim=\dimen388
\MPnumerator=\count458
\makeMPintoPDFobject=\count459
\everyMPtoPDFconversion=\toks69
) (C:\Program Files\MiKTeX\tex/latex/epstopdf-pkg\epstopdf-base.sty
Package: epstopdf-base 2020-01-24 v2.11 Base part for package epstopdf
Package epstopdf-base Info: Redefining graphics rule for `.eps' on input line 4
85.

(C:\Program Files\MiKTeX\tex/latex/00miktex\epstopdf-sys.cfg
File: epstopdf-sys.cfg 2021/03/18 v2.0 Configuration of epstopdf for MiKTeX
))
Package hyperref Info: Link coloring ON on input line 84.
 (report.out)
(report.out)
\@outlinefile=\write5
\openout5 = `report.out'.

\symgns@font=\mathgroup6
LaTeX Font Info:    Overwriting symbol font `gns@font' in version `bold'
(Font)                  TS1/lmr/m/n --> TS1/lmr/b/n on input line 84.
Package gensymb Info: Math companion symbols declared on input line 84.
LaTeX Info: Redefining \degree on input line 84.
LaTeX Info: Redefining \celsius on input line 84.
Package gensymb Info: Using text companion symbols for \degree, \celsius and \p
erthousand on input line 84.
LaTeX Info: Redefining \ohm on input line 84.
Package gensymb Info: Using \textohm for \ohm on input line 84.
Package gensymb Info: Using \textmu for \micro on input line 84.

(C:\Program Files\MiKTeX\tex/latex/translations/dicts\translations-basic-dictio
nary-english.trsl
File: translations-basic-dictionary-english.trsl (english translation file `tra
nslations-basic-dictionary')
)
Package translations Info: loading dictionary `translations-basic-dictionary' f
or `english'. on input line 84.
Package caption Info: Begin \AtBeginDocument code.
Package caption Info: listings package is loaded.
Package caption Info: End \AtBeginDocument code.
\c@lstlisting=\count460

Package pgfplots notification 'compat/show suggested version=true': document ha
s been generated with the most recent feature set (\pgfplotsset{compat=1.18}).

<assets/hcmut.png, id=314, 291.0072pt x 293.898pt>
File: assets/hcmut.png Graphic file (type png)
<use assets/hcmut.png>
Package pdftex.def Info: assets/hcmut.png  used on input line 86.
(pdftex.def)             Requested size: 145.11053pt x 146.55399pt.
LaTeX Font Info:    Trying to load font information for OT1+lmr on input line 8
6.
(C:\Program Files\MiKTeX\tex/latex/lm\ot1lmr.fd
File: ot1lmr.fd 2015/05/01 v1.6.1 Font defs for Latin Modern
)
LaTeX Font Info:    Trying to load font information for OML+lmm on input line 8
6.

(C:\Program Files\MiKTeX\tex/latex/lm\omllmm.fd
File: omllmm.fd 2015/05/01 v1.6.1 Font defs for Latin Modern
)
LaTeX Font Info:    Trying to load font information for OMS+lmsy on input line 
86.

(C:\Program Files\MiKTeX\tex/latex/lm\omslmsy.fd
File: omslmsy.fd 2015/05/01 v1.6.1 Font defs for Latin Modern
)
LaTeX Font Info:    Trying to load font information for OMX+lmex on input line 
86.

(C:\Program Files\MiKTeX\tex/latex/lm\omxlmex.fd
File: omxlmex.fd 2015/05/01 v1.6.1 Font defs for Latin Modern
)
LaTeX Font Info:    External font `lmex10' loaded for size
(Font)              <12> on input line 86.
LaTeX Font Info:    External font `lmex10' loaded for size
(Font)              <8> on input line 86.
LaTeX Font Info:    External font `lmex10' loaded for size
(Font)              <6> on input line 86.
LaTeX Font Info:    Trying to load font information for U+msa on input line 86.


(C:\Program Files\MiKTeX\tex/latex/amsfonts\umsa.fd
File: umsa.fd 2013/01/14 v3.01 AMS symbols A
)
LaTeX Font Info:    Trying to load font information for U+msb on input line 86.


(C:\Program Files\MiKTeX\tex/latex/amsfonts\umsb.fd
File: umsb.fd 2013/01/14 v3.01 AMS symbols B
)
LaTeX Font Info:    Trying to load font information for TS1+lmr on input line 8
6.

(C:\Program Files\MiKTeX\tex/latex/lm\ts1lmr.fd
File: ts1lmr.fd 2015/05/01 v1.6.1 Font defs for Latin Modern
)
LaTeX Font Info:    External font `lmex10' loaded for size
(Font)              <20.74> on input line 86.
LaTeX Font Info:    External font `lmex10' loaded for size
(Font)              <14.4> on input line 86.


[1

{C:/Users/Admin/AppData/Local/MiKTeX/fonts/map/pdftex/pdftex.map}{C:/Program Fi
les/MiKTeX/fonts/enc/dvips/lm/lm-t5.enc} <./assets/hcmut.png>]

File: assets/hcmut.png Graphic file (type png)
<use assets/hcmut.png>
Package pdftex.def Info: assets/hcmut.png  used on input line 103.
(pdftex.def)             Requested size: 22.76152pt x 22.75891pt.
LaTeX Font Info:    Trying to load font information for T5+lmtt on input line 1
03.
(C:\Program Files\MiKTeX\tex/latex/lm\t5lmtt.fd
File: t5lmtt.fd 2015/05/01 v1.6.1 Font defs for Latin Modern
)
LaTeX Font Info:    Font shape `T5/lmtt/bx/n' in size <12> not available
(Font)              Font shape `T5/lmtt/b/n' tried instead on input line 103.
 [2

] (report.toc

[3

]

File: assets/hcmut.png Graphic file (type png)
<use assets/hcmut.png>
Package pdftex.def Info: assets/hcmut.png  used on input line 68.
(pdftex.def)             Requested size: 22.76152pt x 22.75891pt.
[4])
\tf@toc=\write6
\openout6 = `report.toc'.



File: assets/hcmut.png Graphic file (type png)
<use assets/hcmut.png>
Package pdftex.def Info: assets/hcmut.png  used on input line 105.
(pdftex.def)             Requested size: 22.76152pt x 22.75891pt.
[5]
\openout2 = `chapters/report_here/intro_and_obj.aux'.

 (chapters/report_here/intro_and_obj.tex

[6


]

File: assets/hcmut.png Graphic file (type png)
<use assets/hcmut.png>
Package pdftex.def Info: assets/hcmut.png  used on input line 51.
(pdftex.def)             Requested size: 22.76152pt x 22.75891pt.
[7{C:/Program Files/MiKTeX/fonts/enc/dvips/lm/lm-ts1.enc}]

File: assets/hcmut.png Graphic file (type png)
<use assets/hcmut.png>
Package pdftex.def Info: assets/hcmut.png  used on input line 81.
(pdftex.def)             Requested size: 22.76152pt x 22.75891pt.
[8])

File: assets/hcmut.png Graphic file (type png)
<use assets/hcmut.png>
Package pdftex.def Info: assets/hcmut.png  used on input line 108.
(pdftex.def)             Requested size: 22.76152pt x 22.75891pt.
[9]
\openout2 = `chapters/report_here/chapter1.aux'.

 (chapters/report_here/chapter1.tex
Chapter 1.

LaTeX Warning: File `assets/yolouno.png' not found on input line 19.


! Package pdftex.def Error: File `assets/yolouno.png' not found: using draft se
tting.

See the pdftex.def package documentation for explanation.
Type  H <return>  for immediate help.
 ...                                              
                                                  
l.19 ...s[width=0.6\textwidth]{assets/yolouno.png}
                                                  
Try typing  <return>  to proceed.
If that doesn't work, type  X <return>  to quit.



[10




]

LaTeX Warning: File `assets/Coreiot.png' not found on input line 34.


! Package pdftex.def Error: File `assets/Coreiot.png' not found: using draft se
tting.

See the pdftex.def package documentation for explanation.
Type  H <return>  for immediate help.
 ...                                              
                                                  
l.34 ...ics[width=1\textwidth]{assets/Coreiot.png}
                                                  
Try typing  <return>  to proceed.
If that doesn't work, type  X <return>  to quit.



File: assets/hcmut.png Graphic file (type png)
<use assets/hcmut.png>
Package pdftex.def Info: assets/hcmut.png  used on input line 38.
(pdftex.def)             Requested size: 22.76152pt x 22.75891pt.
[11]

LaTeX Warning: File `assets/Login.png' not found on input line 43.


! Package pdftex.def Error: File `assets/Login.png' not found: using draft sett
ing.

See the pdftex.def package documentation for explanation.
Type  H <return>  for immediate help.
 ...                                              
                                                  
l.43 ...phics[width=1\textwidth]{assets/Login.png}
                                                  
Try typing  <return>  to proceed.
If that doesn't work, type  X <return>  to quit.



File: assets/hcmut.png Graphic file (type png)
<use assets/hcmut.png>
Package pdftex.def Info: assets/hcmut.png  used on input line 47.
(pdftex.def)             Requested size: 22.76152pt x 22.75891pt.
[12]

LaTeX Warning: File `assets/platform.png' not found on input line 52.


! Package pdftex.def Error: File `assets/platform.png' not found: using draft s
etting.

See the pdftex.def package documentation for explanation.
Type  H <return>  for immediate help.
 ...                                              
                                                  
l.52 ...cs[width=1\textwidth]{assets/platform.png}
                                                  
Try typing  <return>  to proceed.
If that doesn't work, type  X <return>  to quit.



File: assets/hcmut.png Graphic file (type png)
<use assets/hcmut.png>
Package pdftex.def Info: assets/hcmut.png  used on input line 56.
(pdftex.def)             Requested size: 22.76152pt x 22.75891pt.
[13]

File: assets/hcmut.png Graphic file (type png)
<use assets/hcmut.png>
Package pdftex.def Info: assets/hcmut.png  used on input line 62.
(pdftex.def)             Requested size: 22.76152pt x 22.75891pt.
[14]

LaTeX Warning: File `assets/lastest_telemetry.png' not found on input line 71.


! Package pdftex.def Error: File `assets/lastest_telemetry.png' not found: usin
g draft setting.

See the pdftex.def package documentation for explanation.
Type  H <return>  for immediate help.
 ...                                              
                                                  
l.71 ...9\textwidth]{assets/lastest_telemetry.png}
                                                  
Try typing  <return>  to proceed.
If that doesn't work, type  X <return>  to quit.



File: assets/hcmut.png Graphic file (type png)
<use assets/hcmut.png>
Package pdftex.def Info: assets/hcmut.png  used on input line 75.
(pdftex.def)             Requested size: 22.76152pt x 22.75891pt.
[15]

File: assets/hcmut.png Graphic file (type png)
<use assets/hcmut.png>
Package pdftex.def Info: assets/hcmut.png  used on input line 83.
(pdftex.def)             Requested size: 22.76152pt x 22.75891pt.
[16]

File: assets/hcmut.png Graphic file (type png)
<use assets/hcmut.png>
Package pdftex.def Info: assets/hcmut.png  used on input line 99.
(pdftex.def)             Requested size: 22.76152pt x 22.75891pt.
[17]

File: assets/hcmut.png Graphic file (type png)
<use assets/hcmut.png>
Package pdftex.def Info: assets/hcmut.png  used on input line 119.
(pdftex.def)             Requested size: 22.76152pt x 22.75891pt.
[18]

LaTeX Warning: File `assets/control_monitoring_dashboard.png' not found on inpu
t line 129.


! Package pdftex.def Error: File `assets/control_monitoring_dashboard.png' not 
found: using draft setting.

See the pdftex.def package documentation for explanation.
Type  H <return>  for immediate help.
 ...                                              
                                                  
l.129 ...{assets/control_monitoring_dashboard.png}
                                                  
Try typing  <return>  to proceed.
If that doesn't work, type  X <return>  to quit.



File: assets/hcmut.png Graphic file (type png)
<use assets/hcmut.png>
Package pdftex.def Info: assets/hcmut.png  used on input line 133.
(pdftex.def)             Requested size: 22.76152pt x 22.75891pt.
[19])

File: assets/hcmut.png Graphic file (type png)
<use assets/hcmut.png>
Package pdftex.def Info: assets/hcmut.png  used on input line 111.
(pdftex.def)             Requested size: 22.76152pt x 22.75891pt.
[20]
\openout2 = `chapters/report_here/chapter2.aux'.

 (chapters/report_here/chapter2.tex
Chapter 2.


[21




]

LaTeX Warning: File `assets/led_indicator.png' not found on input line 117.


! Package pdftex.def Error: File `assets/led_indicator.png' not found: using dr
aft setting.

See the pdftex.def package documentation for explanation.
Type  H <return>  for immediate help.
 ...                                              
                                                  
l.117 ...=0.6\textwidth]{assets/led_indicator.png}
                                                  
Try typing  <return>  to proceed.
If that doesn't work, type  X <return>  to quit.



File: assets/hcmut.png Graphic file (type png)
<use assets/hcmut.png>
Package pdftex.def Info: assets/hcmut.png  used on input line 121.
(pdftex.def)             Requested size: 22.76152pt x 22.75891pt.
[22]
Overfull \hbox (26.3646pt too wide) in paragraph at lines 124--125
\T5/lmr/m/n/12 states: \T5/lmtt/m/n/12 xSemaphoreNormal\T5/lmr/m/n/12 , \T5/lmt
t/m/n/12 xSemaphoreWarning\T5/lmr/m/n/12 , \T5/lmtt/m/n/12 xSemaphoreCritical\T
5/lmr/m/n/12 , and \T5/lmtt/m/n/12 xSemaphoreFireAlert\T5/lmr/m/n/12 . 
 []

LaTeX Font Info:    External font `lmex10' loaded for size
(Font)              <5> on input line 148.


File: assets/hcmut.png Graphic file (type png)
<use assets/hcmut.png>
Package pdftex.def Info: assets/hcmut.png  used on input line 173.
(pdftex.def)             Requested size: 22.76152pt x 22.75891pt.
[23{C:/Program Files/MiKTeX/fonts/enc/dvips/lm/lm-mathit.enc}]

File: assets/hcmut.png Graphic file (type png)
<use assets/hcmut.png>
Package pdftex.def Info: assets/hcmut.png  used on input line 197.
(pdftex.def)             Requested size: 22.76152pt x 22.75891pt.
[24{C:/Program Files/MiKTeX/fonts/enc/dvips/lm/lm-rm.enc}])

File: assets/hcmut.png Graphic file (type png)
<use assets/hcmut.png>
Package pdftex.def Info: assets/hcmut.png  used on input line 114.
(pdftex.def)             Requested size: 22.76152pt x 22.75891pt.
[25]
\openout2 = `chapters/report_here/chapter3.aux'.

 (chapters/report_here/chapter3.tex
Chapter 3.


[26




]

File: assets/hcmut.png Graphic file (type png)
<use assets/hcmut.png>
Package pdftex.def Info: assets/hcmut.png  used on input line 46.
(pdftex.def)             Requested size: 22.76152pt x 22.75891pt.
[27]

File: assets/hcmut.png Graphic file (type png)
<use assets/hcmut.png>
Package pdftex.def Info: assets/hcmut.png  used on input line 93.
(pdftex.def)             Requested size: 22.76152pt x 22.75891pt.
[28]

File: assets/hcmut.png Graphic file (type png)
<use assets/hcmut.png>
Package pdftex.def Info: assets/hcmut.png  used on input line 104.
(pdftex.def)             Requested size: 22.76152pt x 22.75891pt.
[29]

File: assets/hcmut.png Graphic file (type png)
<use assets/hcmut.png>
Package pdftex.def Info: assets/hcmut.png  used on input line 141.
(pdftex.def)             Requested size: 22.76152pt x 22.75891pt.
[30])

File: assets/hcmut.png Graphic file (type png)
<use assets/hcmut.png>
Package pdftex.def Info: assets/hcmut.png  used on input line 117.
(pdftex.def)             Requested size: 22.76152pt x 22.75891pt.
[31]
\openout2 = `chapters/report_here/chapter4.aux'.

 (chapters/report_here/chapter4.tex
Chapter 4.

Overfull \hbox (18.38039pt too wide) in paragraph at lines 1--1
|\T5/lmr/bx/n/24.88 Task 3 - Tem-per-a-ture and Hu-mid-ity Mon-
 []


LaTeX Warning: File `assets/oled_normal.png' not found on input line 14.


! Package pdftex.def Error: File `assets/oled_normal.png' not found: using draf
t setting.

See the pdftex.def package documentation for explanation.
Type  H <return>  for immediate help.
 ...                                              
                                                  
l.14 ...dth=0.6\textwidth]{assets/oled_normal.png}
                                                  
Try typing  <return>  to proceed.
If that doesn't work, type  X <return>  to quit.



[32




]

File: assets/hcmut.png Graphic file (type png)
<use assets/hcmut.png>
Package pdftex.def Info: assets/hcmut.png  used on input line 27.
(pdftex.def)             Requested size: 22.76152pt x 22.75891pt.
[33]

LaTeX Warning: File `assets/oled_fire.png' not found on input line 30.


! Package pdftex.def Error: File `assets/oled_fire.png' not found: using draft 
setting.

See the pdftex.def package documentation for explanation.
Type  H <return>  for immediate help.
 ...                                              
                                                  
l.30 ...width=0.6\textwidth]{assets/oled_fire.png}
                                                  
Try typing  <return>  to proceed.
If that doesn't work, type  X <return>  to quit.



File: assets/hcmut.png Graphic file (type png)
<use assets/hcmut.png>
Package pdftex.def Info: assets/hcmut.png  used on input line 43.
(pdftex.def)             Requested size: 22.76152pt x 22.75891pt.
[34]

File: assets/hcmut.png Graphic file (type png)
<use assets/hcmut.png>
Package pdftex.def Info: assets/hcmut.png  used on input line 80.
(pdftex.def)             Requested size: 22.76152pt x 22.75891pt.
[35]

File: assets/hcmut.png Graphic file (type png)
<use assets/hcmut.png>
Package pdftex.def Info: assets/hcmut.png  used on input line 112.
(pdftex.def)             Requested size: 22.76152pt x 22.75891pt.
[36])

File: assets/hcmut.png Graphic file (type png)
<use assets/hcmut.png>
Package pdftex.def Info: assets/hcmut.png  used on input line 120.
(pdftex.def)             Requested size: 22.76152pt x 22.75891pt.
[37]
\openout2 = `chapters/report_here/chapter5.aux'.

 (chapters/report_here/chapter5.tex
Chapter 5.


[38




]

! LaTeX Error: \begin{enumerate} on input line 28 ended by \end{itemize}.

See the LaTeX manual or LaTeX Companion for explanation.
Type  H <return>  for immediate help.
 ...                                              
                                                  
l.40     \end{itemize}
                      
Your command was ignored.
Type  I <command> <return>  to replace it with another command,
or  <return>  to continue without it.

! Undefined control sequence.
\enit@endenumerate ->\enit@after 
                                 \endlist \ifx \enit@series \relax \else \if...
l.41 \end{enumerate}
                    
The control sequence at the end of the top line
of your error message was never \def'ed. If you have
misspelled it (e.g., `\hobx'), type `I' and the correct
spelling (e.g., `I\hbox'). Otherwise just continue,
and I'll forget about whatever was undefined.

! Undefined control sequence.
\enit@endenumerate ...\else \ifnum \enit@resuming 
                                                  =\@ne \enit@setresumekeys ...
l.41 \end{enumerate}
                    
The control sequence at the end of the top line
of your error message was never \def'ed. If you have
misspelled it (e.g., `\hobx'), type `I' and the correct
spelling (e.g., `I\hbox'). Otherwise just continue,
and I'll forget about whatever was undefined.

! Missing number, treated as zero.
<to be read again> 
                   =
l.41 \end{enumerate}
                    
A number should have been here; I inserted `0'.
(If you can't figure out why I needed to see a number,
look up `weird error' in the index to The TeXbook.)

! Undefined control sequence.
\enit@setresumekeys ...xpandafter {\enit@savekeys 
                                                  }\xdef \enit@afterlist {#2...
l.41 \end{enumerate}
                    
The control sequence at the end of the top line
of your error message was never \def'ed. If you have
misspelled it (e.g., `\hobx'), type `I' and the correct
spelling (e.g., `I\hbox'). Otherwise just continue,
and I'll forget about whatever was undefined.

! Undefined control sequence.
\enit@setresumekeys ...it@toks }\ifnum \enit@type 
                                                  =\z@ #3\def \enit@noexcs {...
l.41 \end{enumerate}
                    
The control sequence at the end of the top line
of your error message was never \def'ed. If you have
misspelled it (e.g., `\hobx'), type `I' and the correct
spelling (e.g., `I\hbox'). Otherwise just continue,
and I'll forget about whatever was undefined.

! Missing number, treated as zero.
<to be read again> 
                   =
l.41 \end{enumerate}
                    
A number should have been here; I inserted `0'.
(If you can't figure out why I needed to see a number,
look up `weird error' in the index to The TeXbook.)

! Undefined control sequence.
<argument> enit@resume@series@\enit@series 
                                           
l.41 \end{enumerate}
                    
The control sequence at the end of the top line
of your error message was never \def'ed. If you have
misspelled it (e.g., `\hobx'), type `I' and the correct
spelling (e.g., `I\hbox'). Otherwise just continue,
and I'll forget about whatever was undefined.

! Undefined control sequence.
\enit@setresumekeys ...me@#1}{\csname c@\@listctr 
                                                  \endcsname \the \csname c@...
l.41 \end{enumerate}
                    
The control sequence at the end of the top line
of your error message was never \def'ed. If you have
misspelled it (e.g., `\hobx'), type `I' and the correct
spelling (e.g., `I\hbox'). Otherwise just continue,
and I'll forget about whatever was undefined.

! Undefined control sequence.
\enit@setresumekeys ...e \the \csname c@\@listctr 
                                                  \endcsname }\fi }
l.41 \end{enumerate}
                    
The control sequence at the end of the top line
of your error message was never \def'ed. If you have
misspelled it (e.g., `\hobx'), type `I' and the correct
spelling (e.g., `I\hbox'). Otherwise just continue,
and I'll forget about whatever was undefined.

! You can't use `\relax' after \the.
<recently read> \c@ 
                    
l.41 \end{enumerate}
                    
I'm forgetting what you said and using zero instead.

! Undefined control sequence.
\enit@endenumerate ...t \fi \ifnum \enit@resuming 
                                                  =\thr@@ \enit@setresumekey...
l.41 \end{enumerate}
                    
The control sequence at the end of the top line
of your error message was never \def'ed. If you have
misspelled it (e.g., `\hobx'), type `I' and the correct
spelling (e.g., `I\hbox'). Otherwise just continue,
and I'll forget about whatever was undefined.

! Missing number, treated as zero.
<to be read again> 
                   =
l.41 \end{enumerate}
                    
A number should have been here; I inserted `0'.
(If you can't figure out why I needed to see a number,
look up `weird error' in the index to The TeXbook.)

! Undefined control sequence.
\enit@setresumekeys ...xpandafter {\enit@savekeys 
                                                  }\xdef \enit@afterlist {#2...
l.41 \end{enumerate}
                    
The control sequence at the end of the top line
of your error message was never \def'ed. If you have
misspelled it (e.g., `\hobx'), type `I' and the correct
spelling (e.g., `I\hbox'). Otherwise just continue,
and I'll forget about whatever was undefined.

! Undefined control sequence.
\enit@setresumekeys ...it@toks }\ifnum \enit@type 
                                                  =\z@ #3\def \enit@noexcs {...
l.41 \end{enumerate}
                    
The control sequence at the end of the top line
of your error message was never \def'ed. If you have
misspelled it (e.g., `\hobx'), type `I' and the correct
spelling (e.g., `I\hbox'). Otherwise just continue,
and I'll forget about whatever was undefined.

! Missing number, treated as zero.
<to be read again> 
                   =
l.41 \end{enumerate}
                    
A number should have been here; I inserted `0'.
(If you can't figure out why I needed to see a number,
look up `weird error' in the index to The TeXbook.)

! Undefined control sequence.
\enit@setresumekeys ...me@#1}{\csname c@\@listctr 
                                                  \endcsname \the \csname c@...
l.41 \end{enumerate}
                    
The control sequence at the end of the top line
of your error message was never \def'ed. If you have
misspelled it (e.g., `\hobx'), type `I' and the correct
spelling (e.g., `I\hbox'). Otherwise just continue,
and I'll forget about whatever was undefined.

! Undefined control sequence.
\enit@setresumekeys ...e \the \csname c@\@listctr 
                                                  \endcsname }\fi }
l.41 \end{enumerate}
                    
The control sequence at the end of the top line
of your error message was never \def'ed. If you have
misspelled it (e.g., `\hobx'), type `I' and the correct
spelling (e.g., `I\hbox'). Otherwise just continue,
and I'll forget about whatever was undefined.

! You can't use `\relax' after \the.
<recently read> \c@ 
                    
l.41 \end{enumerate}
                    
I'm forgetting what you said and using zero instead.


! LaTeX Error: \begin{document} ended by \end{enumerate}.

See the LaTeX manual or LaTeX Companion for explanation.
Type  H <return>  for immediate help.
 ...                                              
                                                  
l.41 \end{enumerate}
                    
Your command was ignored.
Type  I <command> <return>  to replace it with another command,
or  <return>  to continue without it.

! Extra \endgroup.
\end  ...end#1\endcsname \@checkend {#1}\endgroup 
                                                  \UseHook {env/#1/after}\if...
l.41 \end{enumerate}
                    
Things are pretty mixed up, but I think the worst is over.



File: assets/hcmut.png Graphic file (type png)
<use assets/hcmut.png>
Package pdftex.def Info: assets/hcmut.png  used on input line 66.
(pdftex.def)             Requested size: 22.76152pt x 22.75891pt.
[39] (C:\Program Files\MiKTeX\tex/latex/listings\lstlang1.sty
File: lstlang1.sty 2024/09/23 1.10c listings language file
)
(C:\Program Files\MiKTeX\tex/latex/listings\lstlang1.sty
File: lstlang1.sty 2024/09/23 1.10c listings language file
)
(C:\Program Files\MiKTeX\tex/latex/listings\lstmisc.sty
File: lstmisc.sty 2024/09/23 1.10c (Carsten Heinz)
)
Package hyperref Info: bookmark level for unknown lstlisting defaults to 0 on i
nput line 67.


File: assets/hcmut.png Graphic file (type png)
<use assets/hcmut.png>
Package pdftex.def Info: assets/hcmut.png  used on input line 106.
(pdftex.def)             Requested size: 22.76152pt x 22.75891pt.
[40]
Overfull \hbox (40.35762pt too wide) in paragraph at lines 116--117
[]\T5/lmr/m/n/12 We uti-lize the MQTT pro-to-col to pub-lish sen-sor teleme-try
 to the Cor-eIOT server (\T5/lmtt/m/n/12 app.coreiot.io\T5/lmr/m/n/12 ).
 []



File: assets/hcmut.png Graphic file (type png)
<use assets/hcmut.png>
Package pdftex.def Info: assets/hcmut.png  used on input line 141.
(pdftex.def)             Requested size: 22.76152pt x 22.75891pt.
[41]

File: assets/hcmut.png Graphic file (type png)
<use assets/hcmut.png>
Package pdftex.def Info: assets/hcmut.png  used on input line 169.
(pdftex.def)             Requested size: 22.76152pt x 22.75891pt.
[42]
Overfull \hbox (35.97107pt too wide) in paragraph at lines 179--187
 [][] 
 []

)

File: assets/hcmut.png Graphic file (type png)
<use assets/hcmut.png>
Package pdftex.def Info: assets/hcmut.png  used on input line 123.
(pdftex.def)             Requested size: 22.76152pt x 22.75891pt.
[43]
\openout2 = `chapters/report_here/chapter6.aux'.

 (chapters/report_here/chapter6.tex
Chapter 6.
)

[44




]
\openout2 = `chapters/report_here/chapter7.aux'.

 (chapters/report_here/chapter7.tex
Chapter 7.

LaTeX Warning: File `assets/Coreiot.png' not found on input line 16.


! Package pdftex.def Error: File `assets/Coreiot.png' not found: using draft se
tting.

See the pdftex.def package documentation for explanation.
Type  H <return>  for immediate help.
 ...                                              
                                                  
l.16 ...ics[width=1\textwidth]{assets/Coreiot.png}
                                                  
Try typing  <return>  to proceed.
If that doesn't work, type  X <return>  to quit.



[45




]

LaTeX Warning: File `assets/Login.png' not found on input line 25.


! Package pdftex.def Error: File `assets/Login.png' not found: using draft sett
ing.

See the pdftex.def package documentation for explanation.
Type  H <return>  for immediate help.
 ...                                              
                                                  
l.25 ...phics[width=1\textwidth]{assets/Login.png}
                                                  
Try typing  <return>  to proceed.
If that doesn't work, type  X <return>  to quit.



File: assets/hcmut.png Graphic file (type png)
<use assets/hcmut.png>
Package pdftex.def Info: assets/hcmut.png  used on input line 29.
(pdftex.def)             Requested size: 22.76152pt x 22.75891pt.
[46]

LaTeX Warning: File `assets/platform.png' not found on input line 34.


! Package pdftex.def Error: File `assets/platform.png' not found: using draft s
etting.

See the pdftex.def package documentation for explanation.
Type  H <return>  for immediate help.
 ...                                              
                                                  
l.34 ...cs[width=1\textwidth]{assets/platform.png}
                                                  
Try typing  <return>  to proceed.
If that doesn't work, type  X <return>  to quit.



File: assets/hcmut.png Graphic file (type png)
<use assets/hcmut.png>
Package pdftex.def Info: assets/hcmut.png  used on input line 38.
(pdftex.def)             Requested size: 22.76152pt x 22.75891pt.
[47]

LaTeX Warning: File `assets/webserver_coreiot_link.png' not found on input line
 47.


! Package pdftex.def Error: File `assets/webserver_coreiot_link.png' not found:
 using draft setting.

See the pdftex.def package documentation for explanation.
Type  H <return>  for immediate help.
 ...                                              
                                                  
l.47 ...twidth]{assets/webserver_coreiot_link.png}
                                                  
Try typing  <return>  to proceed.
If that doesn't work, type  X <return>  to quit.



File: assets/hcmut.png Graphic file (type png)
<use assets/hcmut.png>
Package pdftex.def Info: assets/hcmut.png  used on input line 51.
(pdftex.def)             Requested size: 22.76152pt x 22.75891pt.
[48]

File: assets/hcmut.png Graphic file (type png)
<use assets/hcmut.png>
Package pdftex.def Info: assets/hcmut.png  used on input line 60.
(pdftex.def)             Requested size: 22.76152pt x 22.75891pt.
[49]

File: assets/hcmut.png Graphic file (type png)
<use assets/hcmut.png>
Package pdftex.def Info: assets/hcmut.png  used on input line 101.
(pdftex.def)             Requested size: 22.76152pt x 22.75891pt.
[50]

File: assets/hcmut.png Graphic file (type png)
<use assets/hcmut.png>
Package pdftex.def Info: assets/hcmut.png  used on input line 143.
(pdftex.def)             Requested size: 22.76152pt x 22.75891pt.
[51]

LaTeX Warning: File `assets/lastest_telemetry.png' not found on input line 159.



! Package pdftex.def Error: File `assets/lastest_telemetry.png' not found: usin
g draft setting.

See the pdftex.def package documentation for explanation.
Type  H <return>  for immediate help.
 ...                                              
                                                  
l.159 ...\textwidth]{assets/lastest_telemetry.png}
                                                  
Try typing  <return>  to proceed.
If that doesn't work, type  X <return>  to quit.



File: assets/hcmut.png Graphic file (type png)
<use assets/hcmut.png>
Package pdftex.def Info: assets/hcmut.png  used on input line 163.
(pdftex.def)             Requested size: 22.76152pt x 22.75891pt.
[52]

File: assets/hcmut.png Graphic file (type png)
<use assets/hcmut.png>
Package pdftex.def Info: assets/hcmut.png  used on input line 171.
(pdftex.def)             Requested size: 22.76152pt x 22.75891pt.
[53]

File: assets/hcmut.png Graphic file (type png)
<use assets/hcmut.png>
Package pdftex.def Info: assets/hcmut.png  used on input line 187.
(pdftex.def)             Requested size: 22.76152pt x 22.75891pt.
[54]

File: assets/hcmut.png Graphic file (type png)
<use assets/hcmut.png>
Package pdftex.def Info: assets/hcmut.png  used on input line 205.
(pdftex.def)             Requested size: 22.76152pt x 22.75891pt.
[55]

LaTeX Warning: File `assets/rule_chain.png' not found on input line 223.


! Package pdftex.def Error: File `assets/rule_chain.png' not found: using draft
 setting.

See the pdftex.def package documentation for explanation.
Type  H <return>  for immediate help.
 ...                                              
                                                  
l.223 ...width=1\textwidth]{assets/rule_chain.png}
                                                  
Try typing  <return>  to proceed.
If that doesn't work, type  X <return>  to quit.



File: assets/hcmut.png Graphic file (type png)
<use assets/hcmut.png>
Package pdftex.def Info: assets/hcmut.png  used on input line 227.
(pdftex.def)             Requested size: 22.76152pt x 22.75891pt.
[56]

File: assets/hcmut.png Graphic file (type png)
<use assets/hcmut.png>
Package pdftex.def Info: assets/hcmut.png  used on input line 234.
(pdftex.def)             Requested size: 22.76152pt x 22.75891pt.
[57])

File: assets/hcmut.png Graphic file (type png)
<use assets/hcmut.png>
Package pdftex.def Info: assets/hcmut.png  used on input line 129.
(pdftex.def)             Requested size: 22.76152pt x 22.75891pt.
[58]
\openout2 = `chapters/report_here/chapter8.aux'.

 (chapters/report_here/chapter8.tex
Chapter 8.
)

[59




]
\openout2 = `chapters/report_here/chapter9.aux'.

 (chapters/report_here/chapter9.tex
Chapter 9.
)

[60




]
\openout2 = `chapters/report_here/conclusion.aux'.

 (chapters/report_here/conclusion.tex
! Misplaced alignment tab character &.
<argument> Project Data &
                          Report (Google Drive):
l.22 ...tbf{Project Data & Report (Google Drive):}
                                                   \url{https://drive.google...
I can't figure out why you would want to use a tab mark
here. If you just want an ampersand, the remedy is
simple: Just type `I\&' now. But if some right brace
up above has ended a previous alignment prematurely,
you're probably due for more error messages, and you
might try typing `S' now just to see what is salvageable.


Overfull \hbox (5.76794pt too wide) in paragraph at lines 22--23
[]\T5/lmr/bx/n/12 Project Data  Re-port (Google Drive): [][]$\T5/lmtt/m/n/12 ht
tps : / / drive . google . com / drive / folders /
 []

)

[61




]
No file report.bbl.

enddocument/afterlastpage (AED): lastpage setting LastPage.
runsystem(latexminted cleantemp  --timestamp 20251206193435 E98D2F001DA5678B394
82EFBDF5770DC)...disabled (restricted).

(report.aux (chapters/report_here/intro_and_obj.aux)
(chapters/report_here/chapter1.aux) (chapters/report_here/chapter2.aux)
(chapters/report_here/chapter3.aux) (chapters/report_here/chapter4.aux)
(chapters/report_here/chapter5.aux) (chapters/report_here/chapter6.aux)
(chapters/report_here/chapter7.aux) (chapters/report_here/chapter8.aux)
(chapters/report_here/chapter9.aux) (chapters/report_here/conclusion.aux))
 ***********
LaTeX2e <2025-06-01> patch level 1
L3 programming layer <2025-08-13>
 ***********


LaTeX Warning: There were multiply-defined labels.


Package rerunfilecheck Warning: File `report.out' has changed.
(rerunfilecheck)                Rerun to get outlines right
(rerunfilecheck)                or use package `bookmark'.

Package rerunfilecheck Info: Checksums for `report.out':
(rerunfilecheck)             Before: D48999159A41BDCAEF993733848FECA3;13577
(rerunfilecheck)             After:  D125FAE4AE41D58D72F66F9EA27B5DB4;13196.
 ) 
Here is how much of TeX's memory you used:
 53466 strings out of 468133
 1253457 string characters out of 5440779
 2328184 words of memory out of 5000000
 80852 multiletter control sequences out of 15000+600000
 762236 words of font info for 104 fonts, out of 8000000 for 9000
 1141 hyphenation exceptions out of 8191
 99i,26n,105p,887b,2731s stack positions out of 10000i,1000n,20000p,200000b,200000s

pdfTeX warning (dest): name{table.caption.22} has been referenced but does not 
exist, replaced by a fixed one


pdfTeX warning (dest): name{table.caption.11} has been referenced but does not 
exist, replaced by a fixed one


pdfTeX warning (dest): name{figure.caption.10} has been referenced but does not
 exist, replaced by a fixed one


pdfTeX warning (dest): name{page.64} has been referenced but does not exist, re
placed by a fixed one


pdfTeX warning (dest): name{chapter*.29} has been referenced but does not exist
, replaced by a fixed one


pdfTeX warning (dest): name{subsection.1.4.7} has been referenced but does not 
exist, replaced by a fixed one


pdfTeX warning (dest): name{subsection.1.4.6} has been referenced but does not 
exist, replaced by a fixed one

<C:/Program Files/MiKTeX/fonts/type1/public/lm/lmbx12.pfb><C:/Program Files/MiK
TeX/fonts/type1/public/lm/lmcsc10.pfb><C:/Program Files/MiKTeX/fonts/type1/publ
ic/lm/lmmi12.pfb><C:/Program Files/MiKTeX/fonts/type1/public/lm/lmmi8.pfb><C:/P
rogram Files/MiKTeX/fonts/type1/public/lm/lmr10.pfb><C:/Program Files/MiKTeX/fo
nts/type1/public/lm/lmr12.pfb><C:/Program Files/MiKTeX/fonts/type1/public/lm/lm
r6.pfb><C:/Program Files/MiKTeX/fonts/type1/public/lm/lmr8.pfb><C:/Program File
s/MiKTeX/fonts/type1/public/lm/lmri12.pfb><C:/Program Files/MiKTeX/fonts/type1/
public/lm/lmtk10.pfb><C:/Program Files/MiKTeX/fonts/type1/public/lm/lmtt10.pfb>
<C:/Program Files/MiKTeX/fonts/type1/public/lm/lmtt12.pfb><C:/Program Files/MiK
TeX/fonts/type1/public/lm/lmtt8.pfb>
Output written on report.pdf (61 pages, 612933 bytes).
PDF statistics:
 1018 PDF objects out of 1200 (max. 8388607)
 296 named destinations out of 1000 (max. 500000)
 634 words of extra memory for PDF output out of 10000 (max. 10000000)

